"Gene names","Protein names","Ctrl N02","Ctrl N04","Ctrl N06","Ctrl N08","Ctrl N10","PD N01","PD N03","PD N05","PD N07","PD N09","log2FC","AveExpr","t","P.Value","adj.P.Val","B"
"ANXA2","Annexin A2",18.9912204742432,19.9622669219971,19.5563856760661,19.3654276529948,18.8852157592773,20.6562678019206,20.0040995279948,20.8238042195638,20.5310656229655,20.1884784698486,1.08863983154297,19.8964232126872,4.67824217756977,0.000647411050453744,0.370225279851524,-1.12746791530654
"GLIPR2","Golgi-associated plant pathogenesis-related protein 1",18.6122678120931,19.0288461049398,18.5407568613688,18.0541178385417,19.2069091796875,20.4176610310872,19.3862463633219,19.1689783732096,19.9266707102458,19.8192717234294,1.05518608093262,19.2161725997925,3.88447690378585,0.00247561350961782,0.370225279851524,-1.86800331874066
"SIRT2","NAD-dependent protein deacetylase sirtuin-2",21.2997258504232,21.5420926411947,21.4680722554525,21.5334053039551,21.216636021932,22.2113393147786,21.7473030090332,21.6980527242025,21.892406463623,22.0401096343994,0.505855814615887,21.6649143218994,3.57780526643423,0.00423813127439726,0.407482103231039,-2.18343516219205
"CST3","Cystatin-C",21.5452569325765,21.6137415568034,21.8938388824463,20.889518737793,21.8596433003743,23.039847056071,22.6327037811279,22.5830663045247,21.8582534790039,21.951047261556,0.85258369445801,21.9866917292277,3.23511060264926,0.00780087408563671,0.407482103231039,-2.55263889031814
"SH3BGRL","SH3 domain-binding glutamic acid-rich-like protein",21.2462882995605,21.8068453470866,21.4348252614339,21.4309609731038,21.6086730957031,22.0773537953695,22.0418885548909,22.0368671417236,21.9266827901204,21.7247956593831,0.455998992919921,21.7335180918376,3.23303126949691,0.00782998286885397,0.407482103231039,-2.55492617236105
"GM2A","Ganglioside GM2 activator;Ganglioside GM2 activator isoform short",19.1209990183512,19.2805042266846,19.0898914337158,19.6970678965251,19.6861591339111,20.0791695912679,19.6518173217773,19.6552149454753,20.3002789815267,20.107006072998,0.583773040771486,19.6668108622233,3.10275634505814,0.00989170613678643,0.407482103231039,-2.69920829065668
"CPE","Carboxypeptidase E",20.0320491790771,19.7339477539062,18.8249066670736,19.1464544932048,18.8880240122477,20.4686113993327,20.2271474202474,19.7567882537842,20.1727428436279,19.8312791188558,0.766237386067707,19.7081951141357,3.03384650637391,0.0111962620703156,0.407482103231039,-2.77624507883287
"UBA52;RPS27A;UBB;UBC","Ubiquitin-60S ribosomal protein L40;Ubiquitin;60S ribosomal protein L40;Ubiquitin-40S ribosomal protein S27a;Ubiquitin;40S ribosomal protein S27a;Polyubiquitin-B;Ubiquitin;Polyubiquitin-C;Ubiquitin",23.1538696289062,22.8031781514486,23.0681902567546,23.4442857106527,23.7385419209798,24.4409790039062,23.9771099090576,23.6839040120443,23.547353108724,23.7870229085286,0.645660654703776,23.5644434611003,2.99987527452678,0.0119018777635378,0.407482103231039,-2.8143861144421
"MBP","Myelin basic protein",25.2094860076904,26.4707698822021,25.9451624552409,26.1636880238851,25.4886042277018,27.3626607259115,26.7815265655518,25.9435418446859,26.6805267333984,26.8234202067057,0.862793095906574,26.2869386672974,2.96786401946121,0.0126076776879444,0.407482103231039,-2.85041802872681
"MPST","3-mercaptopyruvate sulfurtransferase",17.7002175649007,18.3273588816325,17.8431930541992,18.0458971659342,17.5287386576335,18.5244979858398,18.309165318807,18.225606918335,18.2635307312012,18.5138721466064,0.478253555297848,18.128207842509,2.90213106389057,0.0141914849574976,0.407482103231039,-2.92466236440333
"MAOB","Amine oxidase [flavin-containing] B",22.924441019694,23.0759963989258,22.2553933461507,22.2146199544271,22.2315521240234,23.1359202067057,23.040049235026,23.301570892334,23.2034384409587,22.9037806193034,0.576551310221356,22.8286762237549,2.8993852214163,0.0142618192135182,0.407482103231039,-2.92777068957126
"HIST1H1C;HIST1H1E;HIST1H1D;HIST1H1T;HIST1H1A","Histone H1.2;Histone H1.4;Histone H1.3;Histone H1t;Histone H1.1",20.6807041168213,21.5372982025146,20.9932231903076,21.1680711110433,20.9491335550944,21.8906084696452,21.2510134379069,21.6367295583089,21.6975053151449,21.4727738698324,0.524040095011392,21.3277060826619,2.87707265393231,0.0148464372616683,0.407482103231039,-2.95304793633511
"LGALS3BP","Galectin-3-binding protein",20.3113784790039,20.6576398213704,20.2896486918132,20.6008516947428,20.8618545532227,20.8363908131917,20.8126481374105,21.199275970459,20.9917901357015,21.0193328857422,0.427612940470378,20.7580811182658,2.85233185217568,0.0155227294451584,0.407482103231039,-2.98111423080186
"CTSL","Cathepsin L1;Cathepsin L1 heavy chain;Cathepsin L1 light chain",20.9225012461344,17.6527283986409,19.9634335835775,20.1564687093099,20.3172982533773,22.0071729024251,21.0327256520589,20.203784942627,21.7406088511149,22.2342440287272,1.64122123718262,20.6230966567993,2.83971970304933,0.0158792360449563,0.407482103231039,-2.99543621635318
"CD59","CD59 glycoprotein",21.9211451212565,21.6633669535319,21.6489054361979,21.6599737803141,21.6917591094971,22.2641372680664,21.8017412821452,22.1602942148844,22.4747753143311,21.9739793141683,0.417955398559568,21.9260077794393,2.81319513343809,0.0166558787228616,0.407482103231039,-3.02558684618134
"VAT1L","Synaptic vesicle membrane protein VAT-1 homolog-like",22.0853773752848,22.6057955423991,22.3722635904948,22.2814954121908,22.3435497283936,22.6650848388672,22.9112949371338,22.7123387654622,22.4930019378662,22.8300457000732,0.384656906127927,22.5300247828166,2.77457899067832,0.017854693347285,0.407482103231039,-3.06954878262612
"PMP2","Myelin P2 protein",21.4003709157308,21.4039154052734,20.5182755788167,20.6063181559245,21.474817276001,22.4581095377604,21.7657642364502,21.2540060679118,21.5705712636312,22.1588637034098,0.760723495483401,21.461101214091,2.77207072620871,0.0179354653421744,0.407482103231039,-3.07240678756445
"ASRGL1","Isoaspartyl peptidase/L-asparaginase;Isoaspartyl peptidase/L-asparaginase alpha chain;Isoaspartyl peptidase/L-asparaginase beta chain",21.3771603902181,21.6584803263346,21.3481438954671,21.0341161092122,20.8221740722656,21.9686679840088,21.6461493174235,21.2883008321126,22.0517800649007,22.3097826639811,0.604921213785806,21.5504755655924,2.76202448729889,0.0182626347166,0.407482103231039,-3.08385668341804
"CHGB","Secretogranin-1;PE-11;GAWK peptide;CCB peptide",18.962163289388,18.9335594177246,19.0933755238851,18.4337215423584,18.6056137084961,19.2904605865478,19.1365706125895,18.9902839660645,19.4265422821045,19.4122931162516,0.445543416341148,19.028458404541,2.74613821460082,0.0187921343118141,0.407482103231039,-3.10197152000381
"GJA1","Gap junction alpha-1 protein",21.8092409769694,22.2589054107666,21.2205988566081,21.6192696889242,21.5983956654867,22.2221609751383,22.1854788462321,21.9382915496826,22.853261311849,22.2483806610107,0.588232549031576,21.9953983942668,2.70233561301254,0.0203323077867943,0.420348363157421,-3.15196936574232
"SCG2","Secretogranin-2;Secretoneurin;Manserin",24.1082897186279,24.3827063242594,24.0751889546712,24.043711344401,23.5510056813558,24.567455291748,24.440896987915,24.3953666687012,24.5465189615885,24.3079179128011,0.419450759887695,24.2419057846069,2.64525619162263,0.0225281614336146,0.431431934677473,-3.21720945702271
"PTPRZ1","Receptor-type tyrosine-protein phosphatase zeta",21.7735799153646,21.709862391154,21.638219833374,21.3741315205892,20.9141050974528,22.1324272155762,21.7119604746501,21.7372258504232,22.2191562652588,22.0173142751058,0.481637064615886,21.7227982838949,2.54449003530316,0.0269895175835052,0.43292017114911,-3.33250571073351
"CALB2","Calretinin",20.2923793792725,21.8157348632812,22.0570513407389,21.9139060974121,22.0282459259033,23.327304204305,22.4317245483398,22.0880489349365,22.4203306833903,22.2859446207682,0.889207077026368,22.0660670598348,2.52961528547719,0.0277176869351717,0.43292017114911,-3.34952718897311
"CNP","2,3-cyclic-nucleotide 3-phosphodiesterase",24.7961018880208,25.5064042409261,25.1993153889974,25.4859701792399,24.795970916748,26.469362894694,25.3748715718587,25.1577472686768,26.0991039276123,26.0143330891927,0.666331227620442,25.4899181365967,2.51445141814738,0.0284798023480569,0.43292017114911,-3.3668775959352
"NCAM1","Neural cell adhesion molecule 1",24.4539267222087,24.7547702789307,24.5708401997884,24.5063241322835,24.4722328186035,24.7920862833659,24.751651763916,24.695027033488,25.2582836151123,25.0677992502848,0.361350758870444,24.7322942097982,2.49782155103128,0.0293391659080649,0.43292017114911,-3.38590214290915
"GPD1","Glycerol-3-phosphate dehydrogenase [NAD(+)], cytoplasmic",22.653418858846,20.5097529093424,21.0946146647135,19.8877321879069,22.2237014770508,23.0799554189046,22.6456775665283,23.4324232737223,22.7784283955892,21.2606531778971,1.36558354695638,21.9566357930501,2.4922136537813,0.0296346326270088,0.43292017114911,-3.3923166080682
"PCMT1","Protein-L-isoaspartate(D-aspartate) O-methyltransferase",21.9829858144124,22.0003801981608,21.7459786732992,21.6698869069417,22.6151688893636,22.2203712463379,22.4431629180908,22.3720531463623,22.5688864390055,22.7976150512695,0.477537663777672,22.2416489283244,2.48025196724232,0.0302746060051125,0.43292017114911,-3.40599678321379
"MARCKS","Myristoylated alanine-rich C-kinase substrate",20.9905122121175,21.6702823638916,21.0223293304443,21.5646495819092,20.7935072580973,22.1468232472738,21.3819020589193,21.2413514455159,22.2738571166992,22.1231371561686,0.625158055623374,21.5208351771037,2.44925252659066,0.0319965131614046,0.43292017114911,-3.44143479967027
"GDA","Guanine deaminase",19.6337248484294,21.2705141703288,20.9749069213867,21.0596841176351,20.1179504394531,21.0621439615885,21.1227633158366,21.2758318583171,21.634775797526,21.6261590321859,0.732978693644204,20.9778454462687,2.42143125227936,0.0336227981539215,0.43292017114911,-3.47321611010684
"GNAI2","Guanine nucleotide-binding protein G(i) subunit alpha-2",21.4804662068685,20.4059995015462,21.0768527984619,21.0798257191976,21.1724014282227,21.4492346445719,21.3922570546468,21.4535465240479,21.5793832143148,21.541862487793,0.440147654215498,21.2631829579671,2.40781554884419,0.0344476987649088,0.43292017114911,-3.48875994050379
"TMSB4X","Thymosin beta-4;Hematopoietic system regulatory peptide",22.4201602935791,23.4492816925049,23.2189025878906,23.5075352986654,23.1219259897868,23.7048899332682,24.0193627675374,23.1828378041585,23.690279006958,23.8280353546143,0.54151980082194,23.4143210728963,2.38942538520352,0.0355930892891104,0.43292017114911,-3.509742414084
"NRCAM","Neuronal cell adhesion molecule",18.7368240356445,18.3531138102214,19.2354017893473,18.5783341725667,18.2855084737142,19.0541286468506,18.6242237091064,19.249875386556,19.364860534668,19.509459177653,0.522673034667969,18.8991729736328,2.3859851647461,0.0358114163553351,0.43292017114911,-3.51366593000211
"CTSZ","Cathepsin Z",22.3075059254964,23.336732228597,22.7427857716878,22.7401212056478,22.2776107788086,22.6166826883952,23.5192934672038,23.0331916809082,23.6793994903564,23.6500988006592,0.618782043457034,22.990342203776,2.38068332720248,0.0361504295956331,0.43292017114911,-3.51971151754117
"PSAT1","Phosphoserine aminotransferase",21.6492188771566,21.5591996510824,21.9610392252604,21.7449995676676,21.4957574208577,22.2238032023112,22.0151424407959,22.4659525553385,21.8589642842611,21.7798468271891,0.386698913574218,21.8753924051921,2.37796567205697,0.036325406151821,0.43292017114911,-3.52280989361818
"GNAI1","Guanine nucleotide-binding protein G(i) subunit alpha-1",19.2617479960124,19.1444803873698,19.3544203440348,19.6285978953044,18.6103935241699,19.8391933441162,19.5733324686686,19.6641858418783,19.5439427693685,19.5355345408122,0.431309763590492,19.4155829111735,2.37589710997436,0.0364591400172812,0.43292017114911,-3.5251680050564
"BCAN","Brevican core protein",21.0973211924235,21.3985818227132,21.1025409698486,21.0785751342773,20.5664812723796,21.3810666402181,21.5970376332601,21.0264116923014,21.6381568908691,21.8959051767985,0.459015528360999,21.278207842509,2.33588326500401,0.0391417131415625,0.43292017114911,-3.57073864212898
"NECAB2","N-terminal EF-hand calcium-binding protein 2",18.464911142985,19.6747468312581,19.0070184071859,19.031099319458,18.0883642832438,19.147897084554,19.3902111053467,19.1469529469808,20.0395876566569,20.2294521331787,0.737592188517253,19.2220240910848,2.3278807749517,0.0397006168824002,0.43292017114911,-3.57984145594574
"SELENBP1","Selenium-binding protein 1",21.9690958658854,21.507111231486,21.0582275390625,21.8186194101969,20.8735637664795,21.590950012207,22.0387541453044,22.1704921722412,21.9064547220866,22.1278991699219,0.521586481730141,21.7061168034871,2.32466405392451,0.0399274379191011,0.43292017114911,-3.58349934744639
"CRYM","Ketimine reductase mu-crystallin",23.2952054341634,24.3176422119141,23.8923937479655,23.5244668324788,23.2628943125407,23.6164156595866,24.7230243682861,24.3016058603923,24.3244126637777,24.2105274200439,0.57667668660482,23.9468588511149,2.32113548676341,0.0401776845517862,0.43292017114911,-3.58751109811349
"FSCN1","Fascin",22.9313818613688,23.0097440083822,23.1685187021891,23.028907140096,23.263697942098,23.2249755859375,23.6570625305176,23.4406382242839,23.2428665161133,23.3583253224691,0.304323705037434,23.2326117833455,2.30131570616157,0.0416116214287117,0.43292017114911,-3.61002959184086
"CRYAB","Alpha-crystallin B chain",22.2760041554769,22.912712097168,22.1525287628174,22.5767389933268,21.8348662058512,23.2421372731527,22.2642002105713,22.8215268452962,22.9348309834798,23.1915334065755,0.540275700887039,22.6207078933716,2.26757610563002,0.0441665238222276,0.43292017114911,-3.64829843485023
"PLD3","Phospholipase D3",25.4812183380127,25.4291083017985,25.6426385243734,25.7374807993571,25.6557223002116,26.1394112904867,25.7452659606934,25.446528116862,26.4967791239421,26.3976332346598,0.455889892578123,25.8171785990397,2.25061594170598,0.0455070016595638,0.43292017114911,-3.66750148397219
"CADM3","Cell adhesion molecule 3",21.1397889455159,21.1639302571615,20.5608971913656,20.9364255269368,20.4108606974284,21.5233885447184,21.0299898783366,20.9053904215495,21.4682299296061,21.5321496327718,0.449449157714845,21.0671051025391,2.24386074427763,0.0460516883777201,0.43292017114911,-3.67514324395592
"GMPR2","GMP reductase 2",18.6112664540609,18.1472778320312,17.9467805226644,17.3839429219564,18.1781323750814,18.402094523112,18.3594989776611,18.2549171447754,18.893362681071,18.9312922159831,0.514753087361653,18.3108565648397,2.22392737450994,0.0476955486978113,0.43292017114911,-3.69766901881048
"ACP2","Lysosomal acid phosphatase",21.0349241892497,22.048911412557,21.7023906707764,21.9867471059163,21.760072072347,22.1542587280273,22.0137500762939,21.9238580067952,22.3568426767985,22.250706354777,0.433274078369141,21.9232461293538,2.21795832746433,0.0481986125171584,0.43292017114911,-3.70440721884176
"IMPA1","Inositol monophosphatase 1",22.1063785552979,21.5176811218262,20.9177754720052,21.2399082183838,21.4876194000244,22.1323312123617,21.6539961496989,21.8117307027181,21.9854030609131,21.9628365834554,0.455386988321939,21.6815660476685,2.20492387588538,0.0493147992694684,0.43292017114911,-3.7191093058247
"BASP1","Brain acid soluble protein 1",25.8198216756185,25.8498134613037,25.3922634124756,25.5489317576091,24.6975313822428,26.0612627665202,25.7566725413005,26.0024197896322,26.0712833404541,25.7494767506917,0.466550699869791,25.6949476877848,2.18406602055703,0.0511523453722189,0.43292017114911,-3.74260016294116
"VCAN","Versican core protein",22.6287600199382,22.9666881561279,22.3291912078857,22.9764105478923,21.9908294677734,23.554817199707,23.2600593566895,22.7395095825195,23.0361779530843,22.7926266988118,0.498262278238935,22.827507019043,2.17066487037211,0.052367150460692,0.43292017114911,-3.75766876821719
"CNRIP1","CB1 cannabinoid receptor-interacting protein 1",18.7474466959635,18.2161108652751,19.9354763031006,19.3565508524577,20.0159994761149,20.1086158752441,19.9378992716471,19.4596195220947,20.265572865804,20.0736573537191,0.714756139119464,19.6116949081421,2.15806975403222,0.0535338378961696,0.43292017114911,-3.77181293713119
"NTM","Neurotrimin",18.6433550516764,19.2659683227539,18.5042826334635,19.2217985788981,19.0235627492269,19.6118240356445,19.1341292063395,19.2027295430501,19.6768627166748,19.124501546224,0.418215942382812,19.1409014383952,2.14807941073233,0.0544767438781157,0.43292017114911,-3.78301905824443
"RPS27","40S ribosomal protein S27",19.0100688934326,18.7633349100749,18.9583829243978,19.408561706543,19.2855599721273,19.3596267700195,19.5067501068115,19.5606129964193,19.1223036448161,19.5574315388997,0.336163330078124,19.2532633463542,2.12008285726602,0.0572036506133017,0.43292017114911,-3.81435884603662
"HSPE1","10 kDa heat shock protein, mitochondrial",24.699701944987,24.4617125193278,23.9725621541341,24.3533973693848,24.6416238149007,25.2121671040853,24.5960019429525,24.43563524882,25.1256351470947,24.8308296203613,0.414254252115886,24.6329266866048,2.11567058117601,0.0576450165937681,0.43292017114911,-3.81928910500051
"SNCA","Alpha-synuclein",22.8869825998942,22.2717971801758,23.1831270853678,23.0804061889648,23.8633416493734,23.029224395752,23.4909311930339,24.0873101552327,23.7239958445231,24.0069821675618,0.610557810465494,23.362409845988,2.10922498909799,0.0582955641889044,0.43292017114911,-3.82648687017527
"IGSF8","Immunoglobulin superfamily member 8",22.2216491699219,22.2727108001709,21.8159605662028,21.542896270752,21.4536412556966,22.590456644694,22.385227839152,21.6859811147054,22.4771016438802,22.5269451141357,0.471770858764649,22.0972570419312,2.1004180451794,0.0591956522400133,0.43292017114911,-3.83631273835813
"PVALB","Parvalbumin alpha",20.2437693277995,20.5807317097982,20.1287644704183,19.7614409128825,19.8045342763265,21.8877741495768,21.1646315256755,19.8432343800863,20.6165142059326,20.5001468658447,0.698612085978189,20.4531541824341,2.0952099771738,0.0597340796934993,0.43292017114911,-3.84211848684439
"ACTN4;ACTN1","Alpha-actinin-4;Alpha-actinin-1",19.423641204834,19.9360790252686,20.0376116434733,20.4561163584391,20.045529683431,20.406494140625,20.0064423878988,20.4278697967529,20.4629554748535,20.6155255635579,0.404061889648435,20.1818265279134,2.08935755823482,0.0603446300887733,0.43292017114911,-3.84863814142786
"RHOA;RHOC","Transforming protein RhoA;Rho-related GTP-binding protein RhoC",21.5399074554443,21.8521766662598,21.9858163197835,21.7390696207682,21.5723737080892,22.1672554016113,21.958927154541,21.9387302398682,21.9234574635824,22.0610294342041,0.272011184692378,21.8738743464152,2.08101413262334,0.0612252249414435,0.43292017114911,-3.85792463916913
"PTGDS","Prostaglandin-H2 D-isomerase",21.7394402821859,21.4059340159098,20.9587993621826,21.1455504099528,21.4664738972982,21.5280367533366,21.8567485809326,21.4227905273438,21.7304395039876,22.027987798055,0.369961039225262,21.5282201131185,2.06617276444668,0.0628215961301771,0.43292017114911,-3.87441927050325
"SET;SETSIP","Protein SET;Protein SETSIP",19.5246880849202,19.862330754598,20.3727798461914,20.4479624430339,20.6108678181966,21.0083586374919,20.4029375712077,20.7860488891602,20.3592675526937,20.5848744710286,0.464571634928385,20.3960116068522,2.06597351060429,0.0628432921637312,0.43292017114911,-3.87464050486963
"MAG","Myelin-associated glycoprotein",19.0707995096842,20.1508757273356,20.0124104817708,20.190450668335,19.347188949585,20.5507717132568,20.0984293619792,19.7269401550293,20.3911361694336,20.762440999349,0.551598612467448,20.0301443735758,2.06355310511607,0.0631074042223454,0.43292017114911,-3.87732745318932
"ESD","S-formylglutathione hydrolase",21.9831790924072,22.0072994232178,21.7101122538249,22.0267162322998,21.7769705454508,22.0234432220459,22.056344350179,22.3671779632568,22.111572265625,22.2796878814697,0.266789627075193,22.0342503229777,2.06118256496456,0.0633670854996387,0.43292017114911,-3.87995821369877
"NDUFS5","NADH dehydrogenase [ubiquinone] iron-sulfur protein 5",18.7484385172526,19.3508847554525,19.085698445638,19.1343262990316,19.1815071105957,19.2070140838623,19.8525479634603,19.7738825480143,19.0390434265137,19.5652987162272,0.387386322021486,19.2938641866048,2.0579880293332,0.0637186192036094,0.43292017114911,-3.88350211265487
"GPM6B","Neuronal membrane glycoprotein M6-b",20.224894841512,21.0029678344727,19.7749665578206,20.0174884796143,19.7099208831787,20.3419151306152,20.5953318277995,20.3207105000814,21.1252733866374,21.030491511027,0.536696751912438,20.4143960952759,2.03050101499468,0.0668198444535249,0.442069811988593,-3.91393147436204
"NEGR1","Neuronal growth regulator 1",19.40696144104,19.7236410776774,19.4956900278727,19.2871284484863,18.8722756703695,19.719399134318,19.6798311869303,19.4908974965413,19.7349853515625,19.8019243876139,0.328268178304037,19.5212734222412,2.01020099815805,0.0692003001746508,0.442069811988593,-3.93632835400141
"SH3GLB2","Endophilin-B2",19.2266000111898,18.9247016906738,19.3696378072103,18.5282726287842,18.3908653259277,19.3986549377441,19.2952518463135,19.2771212259928,19.2432638804118,19.1703160603841,0.388906097412108,19.0824685414632,2.00945969998795,0.0692887091078224,0.442069811988593,-3.93714495487818
"CNTNAP1","Contactin-associated protein 1",21.8678321838379,21.905345916748,21.6964562733968,21.6705354054769,21.4202028910319,22.0416030883789,21.941291809082,21.6546560923258,22.2453460693359,22.2464777628581,0.313800430297856,21.8689747492472,2.00443803490999,0.0698903863199007,0.442069811988593,-3.94267433353369
"DKK3","Dickkopf-related protein 3",21.2291997273763,21.0849431355794,20.7070852915446,20.7254670461019,20.2743905385335,20.8357880910238,21.5084584554036,20.9477698008219,21.1901518503825,21.8094107309977,0.454098637898764,21.0312664667765,1.96209068068651,0.0751614009194797,0.449550265876888,-3.98913123380754
"GPM6A","Neuronal membrane glycoprotein M6-a",19.8112653096517,19.9856402079264,19.9879716237386,19.9334767659505,19.6178639729818,20.1992874145508,20.0615940093994,20.0440235137939,20.1675179799398,20.0435873667399,0.235958480834961,19.9852228164673,1.9381446197766,0.0783030890162409,0.458204336840094,-4.01525823170165
"SNAP25","Synaptosomal-associated protein 25",21.8859888712565,22.7232577006022,22.5394293467204,22.6271686553955,22.3141288757324,22.916010538737,22.6020113627116,22.4247315724691,23.2481066385905,22.8520062764486,0.390578587849935,22.6132839838664,1.93650237783967,0.0785229440315488,0.458204336840094,-4.01704608929124
"SYN2","Synapsin-2",20.8336391448975,21.8809121449788,21.6998049418132,21.6266740163167,21.2291158040365,21.5192941029867,22.0588893890381,21.6199487050374,22.0614814758301,22.1084283192952,0.419579188028972,21.663818804423,1.9323925488319,0.0790756523135398,0.458542349696197,-4.02151806422881
"KBTBD11","Kelch repeat and BTB domain-containing protein 11",18.9221725463867,18.0210571289062,17.5846850077311,17.8896255493164,18.3953533172607,18.6260954538981,18.3360449473063,18.4916858673096,18.9126694997152,18.7123864491781,0.453197733561196,18.3891775767008,1.92672735385156,0.0798434313622528,0.459902505458934,-4.0276771083221
"ACYP2","Acylphosphatase-2",22.7141640981038,22.316473642985,21.6838289896647,21.7035738627116,22.0362027486165,22.4815406799316,22.1280835469564,22.6718235015869,22.7018890380859,22.5014553070068,0.406109746297201,22.2939035415649,1.91117149908545,0.0819872010170569,0.459902505458934,-4.04455659284365
"ENO1","Alpha-enolase",26.896188100179,26.8941027323405,26.5682862599691,27.072073618571,26.5285892486572,26.9870681762695,27.0552546183268,26.9643313090007,27.2130807240804,27.0715192159017,0.266402816772463,26.9250494003296,1.89701626196079,0.0839839495817028,0.463523946932247,-4.05987406872353
"HSPA1A;HSPA1B;HSPA6","Heat shock 70 kDa protein 1A;Heat shock 70 kDa protein 1B;Heat shock 70 kDa protein 6",23.7471993764242,23.6427084604899,23.3245271046956,23.5336926778158,22.8239078521729,23.7748508453369,23.5941918690999,23.7935663859049,23.6409282684326,23.9797299702962,0.342246373494468,23.5855302810669,1.88674747601955,0.0854603830418519,0.463523946932247,-4.07096019252618
"PLP1","Myelin proteolipid protein",26.3415056864421,27.5618565877279,26.259593963623,26.8994159698486,26.100793838501,27.9866746266683,27.1491209665934,26.1543744405111,27.6672528584798,27.6953887939453,0.697929128011065,26.981597773234,1.88452115850142,0.0857836116299427,0.463523946932247,-4.07336080481808
"MTPN","Myotrophin",21.0384871164958,19.7055072784424,21.1173636118571,20.9823919932048,19.6584676106771,21.5670630137126,20.8916835784912,20.7085138956706,21.0669053395589,21.3485921223958,0.616108067830403,20.8084975560506,1.87519093838857,0.0871504738994632,0.46561854313702,-4.08341005486534
"FHL1","Four and a half LIM domains protein 1",21.5413366953532,21.3479855855306,21.6597385406494,20.9831676483154,21.4949315388997,21.8325386047363,21.9691009521484,22.1234143575033,21.5036811828613,21.3515930175781,0.350633621215821,21.5807488123576,1.87169987180438,0.0876670280616739,0.465697578792018,-4.08716537711178
"AHCY","Adenosylhomocysteinase",22.2019379933675,22.3920879364014,22.3333295186361,22.5092430114746,22.0289262135824,22.7259527842204,22.3589757283529,22.565678914388,22.707088470459,22.40811475118,0.26005719502767,22.4231335322062,1.866318974903,0.0884687117334532,0.465697578792018,-4.09294842489597
"COX4I1","Cytochrome c oxidase subunit 4 isoform 1, mitochondrial",24.0108280181885,23.236146291097,23.5839697519938,22.9156163533529,23.8996149698893,23.7792472839355,23.9098466237386,23.7115612030029,24.1173178354899,24.1114082336426,0.396641159057617,23.7275556564331,1.86193751645078,0.0891264491415593,0.465697578792018,-4.09765268468239
"DPYSL3","Dihydropyrimidinase-related protein 3",23.7904618581136,23.5241985321045,22.97532081604,23.1818345387777,22.927693049113,23.8058172861735,23.5295378367106,23.7425988515218,23.4446334838867,23.5586280822754,0.336341349283855,23.4480724334717,1.84034832655291,0.0924332273194426,0.465697578792018,-4.12077031440539
"CAPZB","F-actin-capping protein subunit beta",21.1773592631022,21.5075219472249,21.2863763173421,21.0533746083577,21.4727694193522,21.6502965291341,21.8237711588542,21.4598420461019,21.4894866943359,21.3817977905273,0.261558532714844,21.4302595774333,1.83562447972799,0.0931715565582963,0.465697578792018,-4.12581457638681
"ARHGAP1","Rho GTPase-activating protein 1",18.1822840372721,18.2013543446859,18.1724109649658,17.9737339019775,17.9249947865804,18.4845587412516,18.7183278401693,17.9659372965495,18.3498929341634,18.3475310007731,0.282293955485028,18.2321025848389,1.83537915286419,0.0932100473557488,0.465697578792018,-4.12607640405632
"GRPEL1","GrpE protein homolog 1, mitochondrial",17.7274805704753,17.6020164489746,17.8606700897217,18.229300181071,17.9363543192546,18.5917504628499,18.402416229248,17.8723945617676,17.990790049235,18.1129283905029,0.322891616821287,18.0326101303101,1.82686690714718,0.0945546008726456,0.465697578792018,-4.13515259022504
"C1QBP","Complement component 1 Q subcomponent-binding protein, mitochondrial",20.2720470428467,20.595734278361,20.1912835439046,20.4615465799967,20.373690923055,20.8290678660075,20.7225138346354,20.5097783406576,20.5422255198161,20.4904009501139,0.239936828613281,20.4988288879395,1.82406927139686,0.0950003473035242,0.465697578792018,-4.13813189810721
"PRDX6","Peroxiredoxin-6",25.1600189208984,25.0442422231038,25.0054486592611,25.0869293212891,24.6606521606445,25.4881401062012,25.1853351593018,25.643409093221,24.8537012736003,25.3344949086507,0.3095578511556,25.1462371826172,1.81707955883037,0.0961223928566991,0.468781515931902,-4.14556748566171
"VGF","Neurosecretory protein VGF;Neuroendocrine regulatory peptide-1;Neuroendocrine regulatory peptide-2;Antimicrobial peptide VGF[554-577]",18.8737710316976,18.8169803619385,18.2153848012288,18.2603149414062,19.0520884195964,19.6790644327799,18.7219785054525,19.1745910644531,18.8348267873128,18.8786951700846,0.414123280843102,18.8507695515951,1.80593120434388,0.0979369914654514,0.472782126312915,-4.15740301332964
"LAMP1","Lysosome-associated membrane glycoprotein 1",20.3723125457764,20.518772761027,20.0511639912923,20.2042223612467,19.9902610778809,20.6644357045492,20.1566435496012,20.3562329610189,20.6122665405273,20.8575407663981,0.302077356974284,20.3783852259318,1.79700316616235,0.099412576276385,0.475082211250463,-4.1668597940539
"SRI","Sorcin",21.5623823801676,21.6995900472005,21.7042706807454,21.6138146718343,21.3471196492513,21.9903532663981,21.3394514719645,22.023951848348,22.0536664326986,21.9741878509521,0.290886688232422,21.7308788299561,1.78334006059381,0.101709826772903,0.481224105776272,-4.18129423929724
"PLEC","Plectin",22.0708586374919,22.24161084493,22.2464408874512,21.9645773569743,21.7893842061361,22.2863915761312,22.5162353515625,23.0052375793457,22.1835009256999,22.0243301391602,0.340564727783204,22.2328567504883,1.77790977355328,0.102636124274749,0.481265414199049,-4.1870181930671
"DBI","Acyl-CoA-binding protein",23.8780625661214,24.029468536377,23.7814534505208,23.8098526000977,23.9322325388591,24.3005701700846,23.736094156901,24.0528812408447,24.3215465545654,24.3150183359782,0.259008153279627,24.015718015035,1.77735793653007,0.10273068252619,0.481265414199049,-4.18759945827722
"PLCD1","1-phosphatidylinositol 4,5-bisphosphate phosphodiesterase delta-1",19.7432346343994,19.1378205617269,19.0438664754232,18.6537322998047,18.7950452168783,19.6552429199219,19.2684783935547,19.2449773152669,19.3351395924886,19.7032763163249,0.366683069864908,19.2580813725789,1.77236593894956,0.103589656945153,0.482910606641373,-4.19285416985671
"FTH1","Ferritin heavy chain;Ferritin heavy chain, N-terminally processed",22.8951015472412,23.8764209747314,23.0296891530355,23.4153340657552,22.3168093363444,23.5778827667236,23.2006816864014,23.4243030548096,23.9023717244466,23.7570317586263,0.465783182779948,23.3395626068115,1.75821849912523,0.106059380032511,0.489623642771444,-4.20771157533975
"ACADM","Medium-chain specific acyl-CoA dehydrogenase, mitochondrial",21.3221925099691,21.0448360443115,21.2349847157796,21.5647983551025,21.4959519704183,21.6230894724528,21.4893868764242,21.5676651000977,21.7818533579508,21.4221598307292,0.244278208414715,21.4546918233236,1.75277927145736,0.107022959469545,0.49065236648374,-4.21340998652509
"TPM1","Tropomyosin alpha-1 chain",20.8235104878743,20.4518616994222,19.2732753753662,19.5791988372803,20.4955304463704,21.13103612264,20.6851075490316,19.6947765350342,21.1939004262288,21.0434093475342,0.624970626831054,20.4371606826782,1.74141467764455,0.109061735074775,0.496256985914406,-4.22529102923337
"GPX4","Phospholipid hydroperoxide glutathione peroxidase, mitochondrial",21.4019374847412,21.7310345967611,21.6499900817871,21.5496629079183,21.7256075541178,21.8326320648193,21.7994569142659,21.6129544576009,21.9386755625407,21.966916402181,0.218480555216472,21.7208868026733,1.72378489405268,0.112293631594253,0.498202862494976,-4.24365366601585
"CNDP2","Cytosolic non-specific dipeptidase",23.1172542572021,23.1984081268311,23.0844554901123,22.9979661305745,22.7476234436035,23.278034845988,23.3637472788493,23.3935883839925,23.0391451517741,23.2134685516357,0.228455352783208,23.1433691660563,1.7193371198856,0.113122457567198,0.498202862494976,-4.24827298865145
"HIST1H4A","Histone H4",20.8885142008464,22.0191955566406,21.0436312357585,22.5304597218831,20.9365418752035,22.46897315979,21.2120806376139,21.5948212941488,23.0451157887777,22.6466236114502,0.709854380289717,21.8385957082113,1.70263649352512,0.11628368716374,0.502662665875984,-4.26556884719598
"ATP1B1","Sodium/potassium-transporting ATPase subunit beta-1",24.8888613382975,24.4973570505778,24.3847351074219,24.4232037862142,24.3978710174561,24.9732081095378,24.6679929097493,24.4164791107178,25.1025638580322,24.820504506429,0.277744038899738,24.6572776794434,1.6844835444347,0.119809151995322,0.512769114332149,-4.28427951559231
"OLA1","Obg-like ATPase 1",19.1901849110921,19.5801417032878,19.5718663533529,19.4945710500081,19.6305351257324,20.4987551371257,19.9183387756348,19.6794274648031,19.4805011749268,19.5553436279297,0.333013407389325,19.6599665323893,1.68286434849257,0.120128196401576,0.512769114332149,-4.28594386240551
"NDRG2","Protein NDRG2",22.5370756785075,22.4256954193115,21.8141860961914,22.7080745697021,21.9370670318604,23.3894125620524,21.7525526682536,22.8113619486491,23.125524520874,22.8286895751953,0.497088495890298,22.5329640070597,1.6784012965192,0.121011510935897,0.512769114332149,-4.29052742377015
"BAG3","BAG family molecular chaperone regulator 3",19.3061714172363,18.4687741597493,18.0698731740316,18.7842636108398,18.680180867513,18.9591070810954,18.7566108703613,19.5451997121175,18.9538631439209,18.9941056569417,0.379924647013346,18.8518149693807,1.65938917983097,0.124839386957584,0.512769114332149,-4.30998732885637
"MDH1","Malate dehydrogenase, cytoplasmic",26.1238250732422,26.2213166554769,25.944845199585,26.0027713775635,26.0990244547526,26.2671839396159,26.3562596638997,26.0434315999349,26.3608373006185,26.3782456715902,0.202835083007809,26.1797740936279,1.65780636717177,0.125162863473979,0.512769114332149,-4.31160257654427
"CNTN1","Contactin-1",23.4670422871908,23.5204067230225,23.1533807118734,23.2626991271973,22.9307543436686,23.9381256103516,23.1344025929769,23.2377084096273,23.8321272532145,23.7919343312581,0.320003000895182,23.4268581390381,1.63000705258327,0.13096642506765,0.512769114332149,-4.33984746214615
"GAA","Lysosomal alpha-glucosidase;76 kDa lysosomal alpha-glucosidase;70 kDa lysosomal alpha-glucosidase",22.0107034047445,21.8319180806478,21.4227097829183,21.6242338816325,21.4175300598145,22.3255653381348,21.5302454630534,21.586820602417,22.1349143981934,22.484645207723,0.3510191599528,21.8369286219279,1.61907032664793,0.133313978677756,0.512769114332149,-4.35089394843866
"CBR1","Carbonyl reductase [NADPH] 1",23.438304901123,23.7135149637858,24.1477457682292,23.7803484598796,24.1160742441813,24.5594520568848,23.8789984385173,24.5973510742188,23.8292560577393,24.0103912353516,0.335892105102538,24.007143719991,1.61618378296378,0.133939720083471,0.512769114332149,-4.35380317450565
"FLOT1","Flotillin-1",18.5207869211833,18.772258122762,19.3486893971761,18.9552777608236,18.7454388936361,19.415730158488,18.5137697855632,19.3575121561686,19.3280881245931,19.4735660552979,0.349243036905924,19.0431117375692,1.61287569434151,0.134660020194541,0.512769114332149,-4.35713400501375
"DCTN2","Dynactin subunit 2",20.7550099690755,20.9444980621338,21.3866628011068,21.0290775299072,21.5487931569417,21.8889083862305,21.4720872243245,21.6085014343262,21.0741806030273,21.236790339152,0.323285293579103,21.2944509506226,1.61062660115217,0.135151678844717,0.512769114332149,-4.35939656854539
"GMFB","Glia maturation factor beta",20.5999228159587,20.6945966084798,20.0123589833577,20.4156850179036,20.1936047871908,20.4819062550863,20.4051062266032,20.5920295715332,20.8550154368083,21.0000851949056,0.283594894409182,20.5250310897827,1.60954451658655,0.135388787554347,0.512769114332149,-4.36048455800642
"ALDH9A1","4-trimethylaminobutyraldehyde dehydrogenase",23.0046819051107,23.0586802164714,22.45867284139,22.8772786458333,22.2146860758464,22.9378019968669,22.8343130747477,23.1136754353841,23.3210023244222,22.9203503926595,0.302628707885743,22.8741142908732,1.60869173026075,0.135575909437458,0.512769114332149,-4.36134173382882
"APOD","Apolipoprotein D",21.2194004058838,22.0391546885173,21.5188331604004,21.6966196695964,21.7845255533854,21.9931100209554,22.0217393239339,21.6299629211426,21.7273921966553,22.5025202433268,0.323238245646159,21.8133258183797,1.60734558923317,0.135871747702088,0.512769114332149,-4.36269432926694
"DNAJB2","DnaJ homolog subfamily B member 2",19.2774537404378,18.2685362497966,18.4145832061768,18.3148072560628,19.0187854766846,19.3199265797933,18.3124930063883,19.1501712799072,19.2861817677816,19.3004620869954,0.41501375834147,18.8663400650024,1.59974688023181,0.137552353238439,0.512769114332149,-4.37031853049695
"TPPP3","Tubulin polymerization-promoting protein family member 3",21.4057140350342,20.6204668680827,20.8851509094238,20.68439356486,20.5126571655273,21.6035022735596,21.0437831878662,20.8763675689697,21.3564809163411,20.8710943857829,0.328569157918291,20.9859610875448,1.58099802985798,0.14177721030527,0.512769114332149,-4.3890498083645
"LANCL1","LanC-like protein 1",20.1641190846761,21.9216524759928,21.5727005004883,21.6541239420573,21.2121378580729,21.6807746887207,21.8703479766846,21.275806427002,21.8761304219564,22.2715930938721,0.489983749389648,21.5499386469523,1.57553723630457,0.143028891676684,0.512769114332149,-4.39448365502742
"GSTK1","Glutathione S-transferase kappa 1",20.2246691385905,20.1137135823568,19.6615320841471,20.1558119455973,19.1678574879964,20.0795180002848,20.1225763956706,20.4237772623698,20.219228108724,20.0933755238851,0.322978210449219,20.0262059529622,1.57208641086366,0.143824828857072,0.512769114332149,-4.39791231504653
"FTL","Ferritin light chain",21.9236450195312,24.611977259318,23.1069005330404,23.8118330637614,22.1166413625081,22.8148155212402,23.7060979207357,24.2157974243164,24.5093339284261,24.3320039113363,0.8014102935791,23.5149045944214,1.5661729862066,0.145197752750443,0.512769114332149,-4.40377844923505
"RNH1","Ribonuclease inhibitor",21.2048276265462,21.498929977417,21.6367816925049,21.3184083302816,21.72110303243,22.0701402028402,21.9014021555583,21.7385864257812,21.5028368631999,21.4521331787109,0.25700963338216,21.604514948527,1.56577427368477,0.145290731801575,0.512769114332149,-4.40417354847718
"CALB1","Calbindin",18.2797584533691,20.3667850494385,19.5466461181641,19.418924331665,19.1145661671956,19.2566216786702,20.2171948750814,19.7667586008708,19.660592397054,20.7250544230143,0.579908370971679,19.6352902094523,1.56370729997496,0.145773578337457,0.512769114332149,-4.40622092744116
"VAT1","Synaptic vesicle membrane protein VAT-1 homolog",21.3649044036865,21.7252890268962,21.3426653544108,20.7714614868164,21.6511433919271,21.9687754313151,22.0670051574707,21.6527061462402,21.2205613454183,21.6319859822591,0.337114079793294,21.539649772644,1.56149231566702,0.14629255086759,0.512769114332149,-4.40841330461976
"SLC32A1","Vesicular inhibitory amino acid transporter",20.3344256083171,20.5223522186279,20.0960915883382,20.158899307251,19.526268641154,20.2856852213542,20.4811693827311,20.0250174204508,20.7430737813314,20.7444559733073,0.328272883097331,20.2917439142863,1.55965351091155,0.146724605367393,0.512769114332149,-4.41023207374946
"PGD","6-phosphogluconate dehydrogenase, decarboxylating",22.9030850728353,22.4831040700277,22.2861798604329,22.650198618571,22.2599906921387,22.590617497762,22.6023820241292,22.8043963114421,22.849781036377,22.9516181945801,0.243247350056968,22.6381353378296,1.55747085781701,0.147238893003701,0.512769114332149,-4.41238944775885
"LDHB","L-lactate dehydrogenase B chain",26.5075956980387,26.6634101867676,26.2258936564128,26.651528040568,26.1326491038005,26.5925362904867,26.5469926198324,26.5278250376383,26.9718710581462,26.7475884755452,0.241147359212237,26.5567890167236,1.5553594104322,0.147737894139862,0.512769114332149,-4.41447489062826
"PSMB6","Proteasome subunit beta type-6",20.4669602711995,20.2247924804688,20.3847986857096,20.0469436645508,20.2883860270182,20.6438147226969,20.4236221313477,20.4310398101807,20.5832424163818,20.3237196604411,0.198711522420246,20.3817319869995,1.5410687882099,0.151154004450347,0.515327008281014,-4.42854913048182
"TBCB","Tubulin-folding cofactor B",20.1546268463135,20.1470623016357,20.4959081013997,20.3492692311605,20.3287544250488,20.936954498291,20.7068532307943,20.4935601552327,20.286984761556,20.2721417744954,0.244174702962237,20.4172115325928,1.53895637689488,0.151664735558409,0.515327008281014,-4.43062354237266
"HSPA2","Heat shock-related 70 kDa protein 2",21.2802848815918,21.5768063863118,20.2342071533203,20.6103744506836,20.5045916239421,21.4975935618083,20.979564666748,21.0881195068359,21.1263936360677,21.4569149017334,0.388464355468753,21.0354850769043,1.53870280631881,0.151726143342465,0.515327008281014,-4.43087244672206
"SLC25A5","ADP/ATP translocase 2;ADP/ATP translocase 2, N-terminally processed",22.9848206837972,22.9041239420573,23.1696809132894,23.2366860707601,23.1427402496338,23.5471477508545,23.1130288441976,23.149164835612,23.5097185770671,23.1875960032145,0.213720830281578,23.1944707870483,1.52963352112482,0.153936677040686,0.520974305571861,-4.43975999550406
"GSTM2","Glutathione S-transferase Mu 2",21.1306419372559,21.2508131663005,21.8758850097656,21.1248766581217,21.0522257486979,21.7957007090251,21.2717526753743,21.8545951843262,21.2932771046956,21.708491007487,0.29787483215332,21.435825920105,1.52650658009884,0.154705264784212,0.521718818474416,-4.44281754859481
"YWHAQ","14-3-3 protein theta",20.9695192972819,20.7081330617269,19.4290962219238,20.1031723022461,21.1668014526367,21.2874628702799,21.4535522460938,20.4317150115967,20.9883079528809,20.7034893035889,0.497561009724934,20.7241249720256,1.51796043680823,0.156822803175408,0.523183750809235,-4.45115630421708
"RALA","Ras-related protein Ral-A",21.0022443135579,21.0757802327474,21.0489368438721,20.9363797505697,21.0151259104411,21.14559618632,21.3371823628743,21.0724239349365,21.1413688659668,21.2210941314697,0.167839686075845,21.0996132532756,1.50965567124288,0.158904440330588,0.523183750809235,-4.45923444864886
"PHGDH","D-3-phosphoglycerate dehydrogenase",21.9282697041829,21.7440045674642,21.9267616271973,21.5405788421631,21.7482210795085,22.1610698699951,21.9209448496501,22.6098918914795,21.6959355672201,21.8513259887695,0.270266469319661,21.912700398763,1.50201323049392,0.160841041360719,0.524930898694416,-4.46664627933043
"ANK2","Ankyrin-2",22.6375052134196,22.4781532287598,22.2327766418457,22.1978613535563,22.2925224304199,22.4659563700358,22.3635120391846,22.4682292938232,22.9579728444417,22.7477022806803,0.232910792032878,22.4842191696167,1.50085770787968,0.161135611032163,0.524930898694416,-4.46776508149548
"ANXA7","Annexin A7",18.2893721262614,19.677937189738,18.9650739034017,18.7532698313395,18.9760786692301,18.7606385548909,19.4732793172201,18.9102217356364,19.6855901082357,20.0341917673747,0.440437952677407,19.1525653203328,1.49211273698958,0.163379971259518,0.526388766452671,-4.47621626744995
"DYNLRB1;DYNLRB2","Dynein light chain roadblock-type 1;Dynein light chain roadblock-type 2",18.8080285390218,19.7074871063232,20.0713348388672,20.3641242980957,20.9060185750326,21.2882239023844,20.04354540507,21.2162920633952,20.0087661743164,20.2519340515137,0.590353647867841,20.266575495402,1.49010949557837,0.163897854406621,0.526388766452671,-4.47814824185243
"NDUFB7","NADH dehydrogenase [ubiquinone] 1 beta subcomplex subunit 7",20.0102208455404,18.4638532002767,19.0402921040853,18.0010738372803,19.5724824269613,19.7864538828532,19.5467694600423,19.5315717061361,19.3605473836263,19.3292083740234,0.493325678507489,19.2642473220825,1.48981621251414,0.163973792702997,0.526388766452671,-4.47843096645038
"VAMP2","Vesicle-associated membrane protein 2",23.7310975392659,23.3814589182536,23.5345344543457,23.1688219706217,23.7866566975911,23.9599787394206,23.9162623087565,23.7712535858154,23.4754867553711,23.6607055664062,0.236223475138346,23.6386256535848,1.48428902292248,0.165410569418819,0.526388766452671,-4.48375319922265
"PAICS","Multifunctional protein ADE2;Phosphoribosylaminoimidazole-succinocarboxamide synthase;Phosphoribosylaminoimidazole carboxylase",20.704620997111,21.1042048136393,20.4363994598389,21.1208044687907,20.7132778167725,20.9735819498698,20.8630847930908,20.962074915568,21.3541507720947,21.1732063293457,0.249358240763349,20.9405406316121,1.48093113162865,0.166288697249142,0.526388766452671,-4.48698101608125
"SGSH","N-sulphoglucosamine sulphohydrolase",22.5912818908691,21.6932423909505,21.4287103017171,21.5991102854411,21.8637949625651,22.7350743611654,21.9993724822998,21.4990355173747,22.430596669515,22.5321114857992,0.404010136922202,22.0372330347697,1.47971866803136,0.166606749424031,0.526388766452671,-4.48814547615917
"PSAP","Prosaposin;Saposin-A;Saposin-B-Val;Saposin-B;Saposin-C;Saposin-D",27.8413855234782,27.6789264678955,27.4153658548991,27.5425745646159,28.196128209432,28.1805051167806,27.5630499521891,27.8746802012126,28.1876500447591,28.2672856648763,0.279758071899412,27.8747551600138,1.4747649328632,0.167911618611449,0.527012569401225,-4.49289735089023
"CRYL1","Lambda-crystallin homolog",20.3330020904541,20.1226628621419,19.8760477701823,19.7820180257161,19.4053815205892,20.4258543650309,20.1490802764893,20.4382292429606,19.9718011220296,19.9367046356201,0.280511474609373,20.0440781911214,1.467401695709,0.169867306605696,0.527122287702021,-4.49994343189001
"PDE1B","Calcium/calmodulin-dependent 3,5-cyclic nucleotide phosphodiesterase 1B",19.2427495320638,19.1743017832438,17.9271780649821,19.2262312571208,18.1689548492432,18.606627146403,18.4315497080485,20.4505755106608,19.5838947296143,19.6750704447428,0.601660410563154,19.0487133026123,1.46220219153985,0.171259980313657,0.527122287702021,-4.50490657319511
"PRDX1","Peroxiredoxin-1",25.9256509145101,25.9927609761556,25.6885871887207,26.0129013061523,25.1120001475016,26.0936406453451,25.6206836700439,26.1347853342692,26.1929677327474,26.1289291381836,0.287821197509765,25.890290705363,1.46198562955937,0.171318196337231,0.527122287702021,-4.50511306672609
"CSTB","Cystatin-B",23.2030239105225,23.1296939849854,23.0885944366455,23.0960750579834,23.0856405893962,23.1825243631999,23.2834892272949,23.3977667490641,23.0416469573975,23.787047068278,0.217889277140299,23.2295502344767,1.45822717509129,0.172331229024514,0.527122287702021,-4.50869392165257
"MAP2K1","Dual specificity mitogen-activated protein kinase kinase 1",18.9696559906006,18.786003112793,18.7302697499593,18.5440756479899,19.3873399098714,19.3954874674479,19.6364148457845,19.550386428833,19.1010023752848,18.4690335591634,0.346996053059898,19.0569669087728,1.45213126302305,0.173985126039726,0.527122287702021,-4.51449023626759
"GLA","Alpha-galactosidase A",21.0548254648844,21.4617671966553,21.0563685099284,20.5040651957194,20.4592692057292,21.1200281778971,21.1914532979329,20.6024068196615,21.5397383371989,22.2561359405518,0.434693400065103,21.1246058146159,1.45191303675429,0.174044582900562,0.527122287702021,-4.514697471498
"GFAP","Glial fibrillary acidic protein",30.2490081787109,29.8753541310628,29.4069442749023,29.1119085947673,29.4463259379069,30.5704555511475,29.9484856923421,31.4716879526774,29.5206413269043,29.3463223775228,0.553610356648762,29.8947134017944,1.44584732809751,0.175704138412684,0.530459160731626,-4.52045029203324
"KHSRP","Far upstream element-binding protein 2",18.5631370544434,18.1669133504232,18.7358417510986,18.3547471364339,19.5203393300374,19.3797505696615,19.4513231913249,19.5544503529867,18.6241785685221,18.4560801188151,0.424960835774737,18.8806761423747,1.4391328389303,0.177556839905176,0.530995455188122,-4.52680171756481
"PKM","Pyruvate kinase PKM",26.5873311360677,27.1755777994792,26.8248500823975,27.0333093007406,26.6140124003092,26.7861493428548,27.0845890045166,27.0054772694906,27.2906150817871,27.2165177663167,0.229653549194335,26.961842918396,1.43686964731492,0.178185032555032,0.531147468545523,-4.52893855645679
"FABP5","Fatty acid-binding protein, epidermal",23.2291463216146,22.1807257334391,22.2901102701823,22.397897084554,22.3039836883545,23.5391394297282,22.4180183410645,22.7925389607747,22.5883382161458,22.8603922526042,0.359312820434569,22.6600290298462,1.43464532859556,0.178804268298776,0.531147468545523,-4.53103673037656
"LSAMP","Limbic system-associated membrane protein",21.6205762227376,21.6993929545085,21.0904661814372,21.5836995442708,21.0171101888021,22.0247942606608,21.6780808766683,21.2071959177653,21.7425581614176,21.7449385325114,0.27726453145345,21.540881284078,1.42391198766917,0.1818180092748,0.535321754861716,-4.54113387247949
"CLU","Clusterin;Clusterin beta chain;Clusterin alpha chain",21.6979490915934,21.5352465311686,21.5639540354411,21.3293965657552,21.3987630208333,21.8139400482178,21.7099291483561,21.8525791168213,21.5887107849121,21.4791927337646,0.183808517456058,21.5969661076864,1.41067849234519,0.185592669293869,0.543072703072213,-4.55351968552483
"S100B","Protein S100-B",22.1508712768555,22.3541895548503,22.1128120422363,22.414067586263,22.2474193572998,22.2240117390951,22.4806435902913,23.2436256408691,22.1319751739502,22.6020882924398,0.280596923828124,22.396170425415,1.3956000872575,0.189973713073434,0.550807930283036,-4.5675458491286
"GDI2","Rab GDP dissociation inhibitor beta",22.5988858540853,22.5880502065023,22.5478655497233,22.7186806996663,22.4295927683512,22.5289058685303,22.8072077433268,22.6756718953451,22.906499226888,22.8198630015055,0.171014531453448,22.6621222813924,1.38832337484483,0.192118801943568,0.554921205341206,-4.574281427587
"TXN","Thioredoxin",21.0411008199056,21.8439928690592,22.0789782206217,21.8114967346191,21.4910132090251,22.0579382578532,22.0199540456136,21.774995803833,21.8233089447021,21.8915831247966,0.260239664713542,21.7834362030029,1.37694139904987,0.195514686310536,0.561039955157487,-4.5847729525808
"BAG6","Large proline-rich protein BAG6",17.6051603953044,16.8900604248047,17.0376625061035,16.8172836303711,17.8429921468099,17.025416692098,17.7648531595866,17.6885725657145,17.8578433990479,17.4812043507894,0.324946212768557,17.401104927063,1.36944408003166,0.19777880983765,0.564782641134057,-4.59165412084308
"TMOD2","Tropomodulin-2",19.9321556091309,18.4056510925293,20.2859497070312,18.923038482666,18.8766161600749,19.9665482838949,19.6564356486003,19.3358987172445,19.9081541697184,19.8092479705811,0.450574747721352,19.5099695841471,1.36531544783919,0.199034915438133,0.565021506213925,-4.5954333301151
"ANXA5","Annexin A5",22.8930886586507,23.1333020528158,22.8869158426921,22.983632405599,22.2908242543538,23.284626642863,22.489315032959,23.1199576059977,23.4292030334473,23.3105837504069,0.289184570312501,22.9821449279785,1.35938280298751,0.200851489133139,0.568481446921473,-4.60085121066658
"HPRT1","Hypoxanthine-guanine phosphoribosyltransferase",22.0531972249349,21.9463748931885,21.9087505340576,22.0755252838135,21.7574507395426,22.1233425140381,22.0802179972331,21.9736811319987,22.3448867797852,22.0594418843587,0.168054326375327,22.0322868982951,1.34523771355491,0.205238286426782,0.575219139289826,-4.61370822631614
"C11orf54","Ester hydrolase C11orf54",18.3509826660156,18.3519878387451,17.687068939209,18.0251077016195,18.6163730621338,18.2777531941732,18.2666753133138,18.5440222422282,18.4409662882487,18.7546679178874,0.250512949625652,18.3315605163574,1.34322582093028,0.205868627603942,0.575219139289826,-4.61552991015312
"Sep-03","Neuronal-specific septin-3",20.9220345815023,20.7268644968669,20.5832926432292,20.6530380249023,20.6101341247559,20.8951282501221,20.6208464304606,20.7782382965088,21.0791028340658,21.0251598358154,0.180622355143225,20.7893839518229,1.34199104469787,0.206256284435153,0.575219139289826,-4.61664707926516
"HEXB","Beta-hexosaminidase subunit beta;Beta-hexosaminidase subunit beta chain B;Beta-hexosaminidase subunit beta chain A",19.6487929026286,21.0488154093424,20.441016515096,20.2447312672933,20.3800913492839,20.7733809153239,20.2278442382812,20.5261363983154,20.896494547526,20.9679635365804,0.325674438476561,20.5155267079671,1.3353263411819,0.208359088953447,0.576220328389206,-4.62266555343473
"SNCB","Beta-synuclein",20.038210550944,22.4141216278076,22.3012765248617,22.4782524108887,22.9241434733073,22.924072265625,22.9273173014323,23.1190344492594,22.3797245025635,21.9723173777262,0.633292261759441,22.3478470484416,1.32398730998876,0.211977324738842,0.580952264630082,-4.63286045768187
"HAGH","Hydroxyacylglutathione hydrolase, mitochondrial",20.6711750030518,21.0801677703857,21.655091603597,21.1996262868245,20.835199991862,21.1784013112386,21.0670878092448,21.2031084696452,21.8537502288818,21.5437412261963,0.280965677897138,21.2287349700928,1.30915161431358,0.216789188367577,0.584120265731837,-4.64611333796518
"PCSK1N","ProSAAS;KEP;Big SAAS;Little SAAS;Big PEN-LEN;PEN;Little LEN;Big LEN",23.9491373697917,23.3051013946533,23.2972049713135,23.0141474405924,22.7778282165527,23.4463278452555,23.5003007253011,23.6378021240234,23.6490542093913,23.413112004598,0.260635503133137,23.3990016301473,1.30606117422556,0.217802735364476,0.585114128055413,-4.64886169306239
"STXBP1","Syntaxin-binding protein 1",24.8066546122233,24.8419793446859,24.77614402771,24.8012631734212,24.8196042378743,24.9879557291667,24.9998690287272,24.8242791493734,25.127623240153,24.8328412373861,0.14538459777832,24.8818213780721,1.27928472264511,0.226747439617116,0.601685929052527,-4.67249313064252
"CA2","Carbonic anhydrase 2",23.0718091328939,23.8026014963786,23.3620891571045,22.943031946818,22.9714101155599,23.0486348470052,23.6206124623617,23.4050776163737,23.5160096486409,23.8662090301514,0.261120351155598,23.3607485453288,1.27311911784814,0.2288488010391,0.601685929052527,-4.67788804013527
"NDUFA13","NADH dehydrogenase [ubiquinone] 1 alpha subcomplex subunit 13",20.8531824747721,21.5377883911133,21.3504339853923,21.6503397623698,21.4337298075358,21.7461802164714,21.4373353322347,21.4301535288493,21.5754623413086,21.676929473877,0.208117294311523,21.4691535313924,1.26871918577767,0.230358014053451,0.601841954298988,-4.68172721293393
"MSN","Moesin",22.0510813395182,21.862512588501,21.4514700571696,21.6050974527995,21.3476638793945,21.6675821940104,21.518076578776,22.0283374786377,22.1157843271891,22.1553605397542,0.233463160196939,21.780296643575,1.25929539488614,0.233617544855737,0.605840650041153,-4.68991959583077
"PCP4","Purkinje cell protein 4",23.4199568430583,23.3291543324788,23.2727114359538,23.1678956349691,23.3872369130452,23.8486563364665,24.4006627400716,24.0107924143473,22.734364827474,23.2821477254232,0.339933776855467,23.4853579203288,1.25740324283502,0.234276475709698,0.605840650041153,-4.69155948411397
"MAP4","Microtubule-associated protein 4",19.6616586049398,18.2566363016764,17.9833176930745,19.542329788208,19.5696201324463,19.5745989481608,19.3322690327962,19.2714449564616,19.4508775075277,19.4416987101237,0.411465326944989,19.2084451675415,1.2569436264487,0.234436760478596,0.605840650041153,-4.69195756980993
"ARL8B","ADP-ribosylation factor-like protein 8B",20.878672281901,21.3545665740967,21.0997123718262,21.2045122782389,21.0151666005452,21.2669747670492,21.2450930277507,21.2508691151937,21.2285391489665,21.3235263824463,0.152474466959637,21.1867632548014,1.22854304026196,0.244513529427333,0.62677187731912,-4.71636154288996
"TNR","Tenascin-R",22.7089017232259,22.6478875478109,22.4142786661784,22.5697104136149,21.9903532663981,22.6379540761312,22.5829906463623,22.2764663696289,22.9089959462484,23.0736249287923,0.229780069986979,22.5811163584391,1.21083159297931,0.250971085302205,0.63227254602641,-4.7313840477602
"HIST1H2AJ;HIST1H2AH;H2AFJ;HIST2H2AC;HIST1H2AC;HIST3H2A;HIST2H2AA3;HIST1H2AD;HIST1H2AG;HIST1H2AB;H2AFV;H2AFZ;HIST2H2AB;HIST1H2AA;H2AFX","Histone H2A type 1-J;Histone H2A type 1-H;Histone H2A.J;Histone H2A type 2-C;Histone H2A type 1-C;Histone H2A type 3;Histone H2A type 2-A;Histone H2A type 1-D;Histone H2A type 1;Histone H2A type 1-B/E;Histone H2A.V;Histone H2A.Z;Histone H2A type 2-B;Histone H2A type 1-A;Histone H2AX",18.9978834788005,20.8785196940104,20.1662750244141,21.1882247924805,20.4382298787435,19.4379393259684,20.5899779001872,20.82137743632,21.9199899037679,22.0089543660482,0.621821212768554,20.6447371800741,1.1886077797488,0.259264620539524,0.637355686786506,-4.75001595023748
"HSDL1","Inactive hydroxysteroid dehydrogenase-like protein 1",19.7037766774495,18.6396293640137,18.9328308105469,19.6292718251546,19.8957837422689,19.7810001373291,19.5963694254557,19.6359494527181,19.2901579538981,19.9748477935791,0.295406468709311,19.5079617182414,1.18737188231425,0.25973211288892,0.637355686786506,-4.7510448928669
"PRNP","Major prion protein",21.1038258870443,20.1445585886637,20.043446858724,20.3588873545329,19.0417346954346,21.0686899820964,20.0634384155273,20.0610205332438,20.8428287506104,20.6849581400553,0.405696487426759,20.3413389205933,1.1737344102261,0.264934829107519,0.642345111609431,-4.76234779859385
"PFN2","Profilin-2",22.9889882405599,22.498192469279,22.2416063944499,22.6420701344808,22.7422968546549,22.9266878763835,22.9215056101481,22.8747844696045,22.6860065460205,22.6208197275798,0.183330027262373,22.7142958323161,1.17095905533377,0.26600358256433,0.642345111609431,-4.76463655251787
"PEBP1","Phosphatidylethanolamine-binding protein 1;Hippocampal cholinergic neurostimulating peptide",26.2362378438314,26.9090817769368,26.6073036193848,26.7822875976562,26.4863236745199,26.3943030039469,26.7289816538493,26.9968846638997,26.9365921020508,26.9694976806641,0.201004918416341,26.704749361674,1.17064676556324,0.266124052549018,0.642345111609431,-4.76489384428586
"CD81","CD81 antigen",19.2653846740723,19.8043060302734,19.7765007019043,19.7840328216553,19.8223190307617,19.5496273040771,19.9990838368734,19.6561139424642,20.2170588175456,20.0380878448486,0.201485697428384,19.7912515004476,1.16714172587064,0.267479102639701,0.642988959165119,-4.76777820569184
"ACAA1","3-ketoacyl-CoA thiolase, peroxisomal",19.5711625417074,18.8535785675049,18.8719889322917,19.255880355835,18.8804550170898,19.3910090128581,19.1488189697266,19.1795018513997,19.3196798960368,19.3424021402995,0.189669291178385,19.1814477284749,1.161243875322,0.269771392962022,0.642988959165119,-4.77261753103977
"NDUFB10","NADH dehydrogenase [ubiquinone] 1 beta subcomplex subunit 10",20.0977522532145,19.9916261037191,21.0130481719971,21.2741559346517,19.9430866241455,21.357692082723,20.5650208791097,20.887046178182,20.109821955363,21.2755215962728,0.375086720784507,20.6514771779378,1.15402390869851,0.272598395160723,0.64648646832381,-4.77851745121375
"LAP3","Cytosol aminopeptidase",21.3132572174072,21.3047866821289,20.8201001485189,21.0885938008626,20.9214452107747,21.0778172810872,20.9734166463216,21.5222682952881,21.5637251536051,21.2635396321615,0.190516789754233,21.1848950068156,1.15090097414956,0.273828319090436,0.646773867935603,-4.7810611095915
"PHB2","Prohibitin-2",23.4193801879883,23.3904997507731,23.1860440572103,23.2597185770671,23.2617473602295,23.4899438222249,23.3582051595052,23.2088362375895,23.6308771769206,23.5531921386719,0.144732920328776,23.375844446818,1.1485428863148,0.274759876599352,0.646773867935603,-4.78297846006089
"HSPB1","Heat shock protein beta-1",20.9300384521484,21.8515555063883,20.0985253651937,21.5684013366699,19.9737809499105,20.8771737416585,20.5934321085612,21.5473836263021,21.9909890492757,21.7186571756999,0.461066818237303,21.1149937311808,1.14479983607578,0.276243616602707,0.647996187504122,-4.78601601253561
"KCTD12","BTB/POZ domain-containing protein KCTD12",19.3072878519694,19.1860669453939,18.5647150675456,19.0220832824707,19.1088180541992,19.1241861979167,18.5242195129395,19.3233750661214,19.9003899892171,19.7847073872884,0.293581390380858,19.1845849355062,1.14316201234872,0.276894801038415,0.647996187504122,-4.78734285245118
"Sep-11","Septin-11",22.0020872751872,21.8960590362549,21.6698462168376,21.8352343241374,21.3703619639079,22.1691856384277,21.8409334818522,21.5243740081787,22.182809193929,22.0420068105062,0.197144063313798,21.8532897949219,1.13667511797038,0.279485634954979,0.648270338639476,-4.79258433987383
"ATP6V1A","V-type proton ATPase catalytic subunit A",23.8658243815104,23.7420120239258,23.7212804158529,23.6769733428955,23.7711582183838,24.1796385447184,23.9224179585775,23.8730506896973,23.7207469940186,23.7877852121989,0.14127820332845,23.8260887781779,1.12873197208213,0.2826835929746,0.652505089608846,-4.79897257198098
"FABP3","Fatty acid-binding protein, heart",23.5446866353353,23.4631640116374,22.9082450866699,23.1564935048421,22.9673531850179,23.5149676005046,23.095329284668,23.3052921295166,23.5883178710938,23.4704856872559,0.18689002990723,23.3014334996541,1.11978721259155,0.286318525229652,0.655581804193007,-4.80612666146678
"ATP6V1C1","V-type proton ATPase subunit C 1",18.8358395894368,19.0104293823242,18.987309773763,19.2520796457926,19.3176638285319,19.5479749043783,19.0871156056722,19.1024347941081,19.1500752766927,19.33318456014,0.163492584228516,19.162410736084,1.10935921268495,0.290601464872839,0.661153093526483,-4.81441359817474
"ARPC2","Actin-related protein 2/3 complex subunit 2",20.0909436543783,19.8355134328206,20.3065401713053,20.3040854136149,20.0483112335205,20.2871608734131,20.2294184366862,20.1916427612305,20.3486595153809,20.2368189493815,0.141661326090492,20.1879094441732,1.09926188435464,0.294795190486445,0.667500538458593,-4.82238248407999
"AKR1A1","Alcohol dehydrogenase [NADP(+)]",21.5541617075602,21.5008684794108,21.5548165639242,21.4315687815348,21.543862024943,22.030268351237,21.7081279754639,21.729850769043,21.2896149953206,21.6208483378092,0.158686574300129,21.5963987986247,1.09506178480474,0.296553160553417,0.668525322753808,-4.82568111481852
"ACP1","Low molecular weight phosphotyrosine protein phosphatase",19.5571943918864,19.72194480896,19.8021373748779,19.7710329691569,19.787394841512,20.1979293823242,19.5314242045085,20.0751158396403,20.1331392923991,19.587973912557,0.177175649007162,19.8165287017822,1.08796718940883,0.299540749325834,0.67184729388884,-4.83123136645729
"UGGT1","UDP-glucose:glycoprotein glucosyltransferase 1",21.3503309885661,21.119296391805,21.7070643107096,21.5081036885579,21.50430615743,21.6913687388102,21.4741802215576,21.3378105163574,21.7346000671387,21.7603429158529,0.161840184529622,21.5187403996785,1.08503040417649,0.300784122666954,0.673048707426526,-4.83352089474204
"NDUFB9","NADH dehydrogenase [ubiquinone] 1 beta subcomplex subunit 9",21.9645932515462,21.4586544036865,21.6529102325439,21.8297869364421,21.7819671630859,21.9297714233398,21.8370221455892,21.8358345031738,21.7639802296956,22.0291938781738,0.141578038533528,21.8083714167277,1.07713221489232,0.30414746494385,0.675945622415756,-4.83965506195255
"MOG","Myelin-oligodendrocyte glycoprotein",21.7370885213216,22.4606908162435,21.6980775197347,22.0757598876953,20.9717578887939,21.8487987518311,21.7408205668132,21.602528889974,22.5320199330648,22.9120076497396,0.33856023152669,21.9579550425212,1.0712998803834,0.306649289027206,0.676620589013627,-4.84416288658948
"NDUFA7","NADH dehydrogenase [ubiquinone] 1 alpha subcomplex subunit 7",19.1986351013184,19.6280682881673,19.1777903238932,19.7623348236084,19.7270628611247,20.2245019276937,19.5618947347005,19.6585655212402,19.3238086700439,19.7691186269124,0.208799616495769,19.6031780878703,1.06811089462479,0.30802377804916,0.678080122510998,-4.84661976461839
"NCSTN","Nicastrin",18.7093340555827,20.5675830841064,19.8826522827148,19.9900716145833,20.1609694163005,20.0092309315999,20.3588651021322,19.7426846822103,20.6399052937826,20.2045923868815,0.328933588663736,20.0265888849894,1.05953859584637,0.311741528359147,0.683101828270851,-4.85319629225918
"PAFAH1B3","Platelet-activating factor acetylhydrolase IB subunit gamma",20.5177040100098,19.7599875132243,20.6732133229574,19.9456507364909,20.4571126302083,20.9369716644287,20.8989289601644,20.7135022481283,20.1339352925618,19.9700654347738,0.259947077433267,20.4007071812948,1.04611299099944,0.317631636311663,0.692815793881633,-4.863414262834
"ALAD","Delta-aminolevulinic acid dehydratase",19.9170818328857,20.0760180155436,20.0293629964193,18.5112063090007,19.2424691518148,20.0112775166829,19.9171829223633,19.5585384368896,20.3759841918945,19.5055707295736,0.318483098347982,19.7144692103068,1.04026321027622,0.320223902476366,0.693231128923239,-4.86783492098652
"CAP1","Adenylyl cyclase-associated protein 1",21.3289381663005,21.2020804087321,20.8116366068522,21.4586696624756,21.3739217122396,21.861296971639,20.9603951772054,21.279816309611,21.5413544972738,21.5144475301107,0.196412785847978,21.333255704244,1.03747095190968,0.321466801109515,0.693231128923239,-4.86993824323066
"TPD52","Tumor protein D52",18.6652247111003,19.9716161092122,19.3470026652018,19.2257302602132,19.4444249471029,19.1071821848551,19.811970392863,19.4820912679036,19.7614835103353,19.6905657450358,0.239858881632486,19.4507291793823,1.03367781166654,0.323160955847091,0.695307848440234,-4.87278846207956
"CFL1","Cofilin-1",24.5404802958171,24.6425546010335,24.7911421457926,24.8192920684814,24.8159306844076,25.3968969980876,24.9143924713135,25.1214955647786,24.5071023305257,24.5852667490641,0.183150863647459,24.8134553909302,1.01707725806349,0.330653305891061,0.703991480047254,-4.88516644382866
"GAP43","Neuromodulin",24.8512153625488,25.5398273468018,24.5511544545492,24.7812436421712,24.3664417266846,24.9180202484131,24.9994767506917,25.0576559702555,25.0675067901611,25.059902826945,0.202536010742189,24.9192445119222,1.01653935570081,0.330898203555334,0.703991480047254,-4.88556489880547
"EZR","Ezrin",19.561928431193,19.6469357808431,18.6622867584229,19.3362572987874,18.1610050201416,18.9405479431152,19.1337439219157,19.5653769175212,19.9966290791829,19.2565161387126,0.304880142211913,19.2261227289836,0.996012256175528,0.340343776605245,0.714496537641475,-4.90064627491591
"SLC9A3R1","Na(+)/H(+) exchange regulatory cofactor NHE-RF1",21.5920168558757,21.1407057444255,20.5286426544189,18.8331642150879,20.8872661590576,21.2121969858805,20.6844164530436,20.9124883015951,21.1088288625081,21.1565704345703,0.418541081746417,20.8056296666463,0.992165081081423,0.342135764038251,0.714639870225306,-4.90344572012412
"STX1B","Syntaxin-1B",23.2887096405029,23.3173853556315,23.1814746856689,22.9227949778239,22.587958017985,23.6240043640137,22.9716459910075,22.8929481506348,23.5346584320068,23.2464466094971,0.194276173909503,23.1568026224772,0.98126502828672,0.34725020807516,0.716677618733503,-4.91133044992728
"ASAH1","Acid ceramidase;Acid ceramidase subunit alpha;Acid ceramidase subunit beta",25.6294701894124,26.4660390218099,26.4809703826904,26.2324422200521,26.076363881429,25.7790406545003,26.4338633219401,26.1840343475342,26.8024336496989,26.8368015289307,0.230177561442059,26.2921459197998,0.971090415012887,0.352074045547279,0.72076335309207,-4.91862759389019
"NDUFA8","NADH dehydrogenase [ubiquinone] 1 alpha subcomplex subunit 8",21.2949282328288,21.728951772054,21.7175738016764,21.5594940185547,21.7159957885742,21.2034066518148,21.780569712321,22.0438658396403,21.7901891072591,22.0788135528564,0.175980250040694,21.691378847758,0.96755929345487,0.353759415112163,0.72076335309207,-4.92114582364372
"CPLX1","Complexin-1",20.3830401102702,21.0071531931559,20.487309773763,21.0051231384277,21.4304224650065,21.4104906717936,20.9300810496012,20.9666665395101,21.0429032643636,20.9599596659342,0.199410502115884,20.9623149871826,0.967182656325154,0.353939522496316,0.72076335309207,-4.92141398848139
"RPS9","40S ribosomal protein S9",19.7141380310059,19.6099510192871,19.7886066436768,19.8997052510579,19.8432000478109,19.9880663553874,19.59042040507,19.8679523468018,19.9800713857015,20.0472011566162,0.123622131347658,19.8329312642415,0.945581463913084,0.364379645235031,0.733500421772892,-4.93665286068765
"GAPDH","Glyceraldehyde-3-phosphate dehydrogenase",27.6833979288737,28.3731867472331,28.149071375529,28.3920307159424,27.8727137247721,27.8564116160075,28.1908620198568,28.2805658976237,28.4423529307048,28.5864804585775,0.177254486083982,28.182707341512,0.94215424503334,0.366056033104754,0.733500421772892,-4.93904499782689
"APRT","Adenine phosphoribosyltransferase",18.2386264801025,18.5939013163249,18.6174736022949,18.3615010579427,18.6146933237712,18.6322091420492,18.143164952596,19.2527561187744,18.4744332631429,18.8586184183757,0.18699722290039,18.5787377675374,0.938600289192518,0.367800192691958,0.733500421772892,-4.94151813104327
"NDRG4","Protein NDRG4",19.7522824605306,18.7852230072021,19.687370300293,19.7530695597331,18.9494520823161,18.5953152974447,20.266482035319,20.0729548136393,19.5365715026855,19.9922612508138,0.307237497965494,19.5390982309977,0.937620919093781,0.368281868304902,0.733500421772892,-4.94219831889408
"DPYSL2","Dihydropyrimidinase-related protein 2",26.9206574757894,27.0338465372721,26.6056887308757,26.854928334554,26.2846641540527,26.9744784037272,26.8339093526204,26.5662695566813,27.0609709421794,27.0633182525635,0.159832255045573,26.8198731740316,0.929829405093314,0.372129828698541,0.733500421772892,-4.94758899749383
"DYNLL2","Dynein light chain 2, cytoplasmic",18.3245569864909,21.2559280395508,21.7139714558919,21.3945598602295,21.8392079671224,21.2718493143717,21.4919376373291,21.8150978088379,21.1435642242432,21.458501180013,0.530545171101888,21.170917447408,0.929029702426114,0.372526375322364,0.733500421772892,-4.9481402037392
"SRP9","Signal recognition particle 9 kDa protein",19.3420251210531,19.6387952168783,19.9425519307454,19.1724764506022,20.0458920796712,19.6737372080485,20.0490875244141,20.2187442779541,19.4178485870361,19.7667407989502,0.196883519490559,19.7267899195353,0.929012488296769,0.372534914528188,0.733500421772892,-4.94815206455259
"CTSB","Cathepsin B;Cathepsin B light chain;Cathepsin B heavy chain",27.0563545227051,26.9363257090251,26.7123228708903,26.9702841440837,26.7321770985921,26.7364387512207,26.9329668680827,26.4866313934326,27.5589110056559,27.795919418335,0.220680618286129,26.9918331782023,0.916876656586371,0.378589363499542,0.740159525905203,-4.95646898308093
"Sep-02","Septin-2",21.5214831034342,21.1660633087158,21.3842468261719,21.2857011159261,20.7136363983154,21.4974015553792,21.2025572458903,21.4061609903971,21.3960615793864,21.3056646982829,0.147343063354494,21.2878976821899,0.914449545790131,0.379808463345677,0.740159525905203,-4.95812154298979
"LIN7C;LIN7A","Protein lin-7 homolog C;Protein lin-7 homolog A",19.4276072184245,18.5416355133057,18.9141330718994,18.9384320576986,18.8506717681885,19.6207745869954,18.7883453369141,19.310645421346,18.7824350992839,19.1095269521077,0.187849553426108,19.0284207026164,0.902427422403331,0.385887469263901,0.747431629529896,-4.96625380387594
"CYB5R3","NADH-cytochrome b5 reductase 3;NADH-cytochrome b5 reductase 3 membrane-bound form;NADH-cytochrome b5 reductase 3 soluble form",22.4974727630615,22.3397305806478,22.3686949412028,22.1260967254639,22.2972984313965,22.6654148101807,22.4014485677083,22.458070119222,22.2642459869385,22.4128284454346,0.114542897542319,22.3831301371257,0.902406851689585,0.385897928600609,0.747431629529896,-4.96626764250519
"TTC1","Tetratricopeptide repeat protein 1",18.6773764292399,18.7485154469808,19.0924816131592,18.7547855377197,19.7562605539958,18.9953289031982,19.5764624277751,19.779452641805,18.99041112264,18.8234672546387,0.227140553792318,19.1194541931152,0.894242005131339,0.390064975757697,0.75122878726628,-4.97173975839792
"PCYOX1","Prenylcysteine oxidase 1",22.0322360992432,21.8424339294434,21.8678035736084,21.8746821085612,22.1773910522461,22.0468393961589,21.7928816477458,21.7785269419352,22.4645309448242,22.4924812316895,0.156142679850261,22.0369806925456,0.888689343796823,0.392916595468134,0.754876125838779,-4.97543756522164
"ARF1;ARF3","ADP-ribosylation factor 1;ADP-ribosylation factor 3",22.5279146830241,23.660883585612,23.5485757191976,23.7294966379801,23.5317827860514,23.5294621785482,23.6464176177979,23.4497521718343,23.527992884318,23.8202578226725,0.195045852661129,23.4972536087036,0.885821536238668,0.394395006058331,0.756188812019098,-4.97733987666837
"CBR3","Carbonyl reductase [NADPH] 3",20.9674987792969,20.5002435048421,21.5514958699544,20.7122332255046,20.9202798207601,20.9124819437663,20.9978694915771,21.8794587453206,21.0136038462321,20.9019330342611,0.21071917215983,21.0357098261515,0.878832326100707,0.398014112450679,0.757022841881191,-4.98195455415539
"ATP1A1","Sodium/potassium-transporting ATPase subunit alpha-1",23.1649150848389,23.0825544993083,22.8414478302002,23.0594641367594,22.7157923380534,23.0889110565186,23.1448968251546,22.5668697357178,23.5263442993164,23.3482964833577,0.16222890218099,23.0539492289225,0.876254958260885,0.399354443924861,0.758056040264557,-4.98364856726688
"HIST1H2BL;HIST1H2BM;HIST1H2BN;HIST1H2BH;HIST2H2BF;HIST1H2BC;HIST1H2BD;H2BFS;HIST1H2BK;HIST3H2BB;HIST2H2BE;HIST1H2BB;HIST1H2BO;HIST1H2BJ","Histone H2B type 1-L;Histone H2B type 1-M;Histone H2B type 1-N;Histone H2B type 1-H;Histone H2B type 2-F;Histone H2B type 1-C/E/F/G/I;Histone H2B type 1-D;Histone H2B type F-S;Histone H2B type 1-K;Histone H2B type 3-B;Histone H2B type 2-E;Histone H2B type 1-B;Histone H2B type 1-O;Histone H2B type 1-J",19.6396287282308,21.8716328938802,20.3831106821696,21.7597681681315,21.1527201334635,20.7792065938314,20.6539808909098,20.931702931722,22.1627464294434,22.4068826039632,0.425531768798826,21.1741380055745,0.872849607626981,0.401130096193967,0.75879257042474,-4.98588039446229
"IDH3A","Isocitrate dehydrogenase [NAD] subunit alpha, mitochondrial",21.0006573994954,23.1587715148926,23.2939631144206,23.0286153157552,22.7174390157064,23.19451268514,22.7853565216064,22.8439559936523,22.9573650360107,23.0498021443685,0.326309204101562,22.8030438741048,0.868317265266499,0.403501758604584,0.75879257042474,-4.98883953142826
"DPP7","Dipeptidyl peptidase 2",23.812827428182,23.7445246378581,22.8196417490641,22.7234713236491,23.9967613220215,23.3938446044922,24.0714588165283,22.944341023763,24.4074662526449,23.7071984608968,0.285416539510095,23.56215356191,0.865611478282291,0.404922180545295,0.75879257042474,-4.99059995348434
"PCYOX1L","Prenylcysteine oxidase-like",19.7347081502279,18.6776631673177,19.7391478220622,19.5921567281087,19.727757136027,19.3071041107178,19.4796333312988,20.1102542877197,20.0416526794434,19.5771725972493,0.208876800537112,19.5987250010173,0.860373382318907,0.407681619552377,0.75879257042474,-4.99399479138592
"AP2M1","AP-2 complex subunit mu",20.7337678273519,20.88112449646,20.7670141855876,20.9709955851237,20.500701268514,21.249916712443,20.5008074442546,20.86922899882,20.9146556854248,21.0060081481934,0.137402725219727,20.8394220352173,0.859254611753528,0.408272641027909,0.75879257042474,-4.99471762285497
"SYT2","Synaptotagmin-2",20.6197280883789,20.310609181722,18.9211273193359,20.048225402832,19.23446337382,20.1131750742594,20.0847721099854,19.2156963348389,20.729455947876,20.5362974802653,0.309048716227215,19.9813550313314,0.844377931444279,0.416186842987224,0.767042030389244,-5.00425377411678
"PITHD1","PITH domain-containing protein 1",19.2800941467285,19.1432444254557,19.56671778361,20.3725121815999,20.796937306722,18.5603574117025,21.0326430002848,20.5527871449788,20.4032624562581,20.5645078023275,0.390810394287111,20.0273063659668,0.839821084150325,0.418631540922531,0.770055310284966,-5.00714653052722
"GPD1L","Glycerol-3-phosphate dehydrogenase 1-like protein",19.6002025604248,19.2315883636475,19.7289059956868,19.1598040262858,19.0855573018392,20.0910485585531,18.5041898091634,19.5886923472087,19.8459981282552,19.9638830820719,0.237550735473632,19.4799870173136,0.835917675392542,0.420733315860686,0.770734431986942,-5.0096138938052
"GLB1","Beta-galactosidase",20.0768909454346,19.9170010884603,20.4363581339518,19.525177637736,20.1730340321859,20.3282782236735,20.0975914001465,19.7161998748779,20.0605659484863,20.8988176981608,0.1945982615153,20.1229914983114,0.835155699854722,0.421144420448124,0.770734431986942,-5.01009440120865
"BSG","Basigin",21.1262251536051,20.5154546101888,20.7210496266683,20.6833222707113,20.8800926208496,21.0118834177653,20.8460273742676,20.8206793467204,21.1720403035482,20.7015686035156,0.125210952758789,20.847834332784,0.826637607666505,0.42575840077604,0.772702746446591,-5.01544053789897
"ADD3","Gamma-adducin",21.0474122365316,20.7096640268962,20.6746864318848,20.8323434193929,20.5708452860514,20.799570719401,20.5837669372559,21.0061175028483,21.1956011454264,20.8703117370605,0.124083328247069,20.8290319442749,0.822228131492506,0.428160028796556,0.774929344612675,-5.01818962953537
"DDX39A;DDX39B","ATP-dependent RNA helicase DDX39A;Spliceosome RNA helicase DDX39B",19.0557696024577,17.7773615519206,19.2956453959147,19.7245763142904,19.3508408864339,19.6185525258382,19.5100847880046,19.6456419626872,19.1100756327311,18.6935780843099,0.274747848510741,19.1782126744588,0.813167019612062,0.433123297699132,0.781594413874525,-5.02379924629899
"ACTR2","Actin-related protein 2",20.523021697998,19.9620157877604,20.2965590159098,20.1453030904134,20.1800963083903,20.6064446767171,20.3790842692057,20.425537109375,20.0432968139648,20.260929107666,0.121659215291343,20.2822287877401,0.804220878128903,0.438060636324515,0.787515435055981,-5.02928527964351
"FH","Fumarate hydratase, mitochondrial",22.5437304178874,21.9319807688395,22.012056350708,21.853443145752,21.8827883402507,22.4275894165039,21.9777139027913,22.0896644592285,22.3275082906087,22.0608374277751,0.131862894694007,22.1107312520345,0.796415005031668,0.442398667005828,0.791928551241879,-5.03402932375327
"STMN1","Stathmin",21.9548759460449,21.9231859842936,22.5993258158366,21.7496039072673,22.3824742635091,22.8421974182129,22.5568040211995,22.382074991862,21.7703634897868,21.9857419331868,0.185543187459305,22.21466477712,0.789692118674896,0.446157198777868,0.792274314493968,-5.03808311380685
"SV2A","Synaptic vesicle glycoprotein 2A",18.7809677124023,19.8452192942301,19.9319241841634,19.3458391825358,19.8948847452799,18.5938886006673,20.1070817311605,19.7061856587728,20.4794572194417,20.3008111317952,0.277717844645182,19.6986259460449,0.77966386314043,0.451802004372827,0.792274314493968,-5.04407459380021
"CHL1","Neural cell adhesion molecule L1-like protein;Processed neural cell adhesion molecule L1-like protein",18.713347752889,19.068000793457,18.9026018778483,18.8636163075765,18.5976212819417,18.7826964060466,18.725954691569,18.617462793986,19.521364847819,19.2394065856934,0.148339462280274,18.9032073338827,0.776286181588077,0.453713584325241,0.792274314493968,-5.04607763725892
"DDAH1","N(G),N(G)-dimethylarginine dimethylaminohydrolase 1",24.4531008402507,24.5300286610921,24.2370529174805,24.5011876424154,24.1305122375488,24.5572999318441,24.1395009358724,24.6671772003174,24.4614868164062,24.5870577494303,0.112128067016604,24.4264404932658,0.773367632599413,0.455369499564153,0.792274314493968,-5.04780230528825
"DNASE2","Deoxyribonuclease-2-alpha",21.8979365030924,21.7562745412191,21.7561601003011,21.3731123606364,21.179531733195,21.5108896891276,21.5561650594076,21.6018098195394,21.9176406860352,22.0710226694743,0.138902537027995,21.6620543162028,0.771389208464851,0.456494211347155,0.792274314493968,-5.04896820177207
"PKM","Pyruvate kinase PKM",26.5873311360677,27.1755777994792,26.8248500823975,27.0333093007406,26.6140124003092,26.7861493428548,27.0845890045166,27.0054772694906,27.2906150817871,27.2165177663167,0.215817642211911,20.9081267674764,0.771230271225644,0.456584642501437,0.792274314493968,-5.04906175136296
"ARL6IP5","PRA1 family protein 3",20.8929437001546,19.4637152353923,20.3959108988444,20.5864009857178,21.2328077952067,20.8420193990072,20.7368946075439,20.7913672129313,20.5797201792399,20.6793390909831,0.211512374877928,20.6201119105021,0.767934960937054,0.458462171003837,0.792274314493968,-5.05099756234379
"SPTAN1","Spectrin alpha chain, non-erythrocytic 1",26.4316711425781,26.5137666066488,26.4934762318929,26.3654282887777,26.135887781779,26.6147232055664,26.3338133494059,26.3722438812256,26.6501293182373,26.4633483886719,0.0988056182861331,26.4374488194784,0.764450504085428,0.460452822648997,0.792274314493968,-5.05303660968279
"AUH","Methylglutaconyl-CoA hydratase, mitochondrial",20.1945546468099,20.6540635426839,20.5951646169027,20.7743752797445,20.5825646718343,20.8234818776449,20.4296607971191,20.6562118530273,20.8872388203939,20.5723997751872,0.113654073079425,20.6169715881348,0.761641261373351,0.4620617312784,0.792274314493968,-5.05467462772902
"THY1","Thy-1 membrane glycoprotein",23.3315105438232,23.4343802134196,23.4878145853678,23.2593237559001,23.1247978210449,23.4855066935221,23.3641497294108,23.0788199106852,23.5686906178792,23.6963278452555,0.111133575439452,23.3831321716309,0.760101591575827,0.462945045039544,0.792274314493968,-5.05557014166029
"INA","Alpha-internexin",24.3689715067546,24.947047551473,24.5929724375407,24.6327857971191,23.9173361460368,25.1300773620605,24.6736888885498,24.1801643371582,24.5602347056071,24.7484340667725,0.166697184244793,24.5751712799072,0.759390277350354,0.463353490336939,0.792274314493968,-5.05598332544554
"RAP1B;RAP1A","Ras-related protein Rap-1b;Ras-related protein Rap-1A;Ras-related protein Rap-1b-like protein",21.3896147410075,21.7908020019531,21.2902965545654,21.4377034505208,21.1705112457275,21.8150978088379,21.483549118042,21.3334280649821,21.4206314086914,21.6050262451172,0.115760930379232,21.4736660639445,0.758205201956543,0.464034482831903,0.792274314493968,-5.05667095195528
"PGM1","Phosphoglucomutase-1",21.7594807942708,22.0083669026693,21.6387354532878,21.7257436116536,21.4870840708415,21.9406496683757,21.7936407725016,21.8307634989421,21.7567710876465,21.7824325561523,0.0969693501790393,21.7723668416341,0.75572611321876,0.465461119143999,0.793285885852944,-5.05810637020815
"GABARAPL2","Gamma-aminobutyric acid receptor-associated protein-like 2",20.2746715545654,20.2240187327067,20.3595860799154,20.3293100992839,20.1797345479329,20.7672672271729,20.2313499450684,20.1911862691243,20.4097118377686,20.2872969309489,0.103898239135742,20.3254133224487,0.752436109266863,0.467358692994577,0.793964752434897,-5.06000494721102
"EIF5","Eukaryotic translation initiation factor 5",17.9977321624756,17.7866458892822,18.1126066843669,18.1675942738851,18.0383262634277,18.640100479126,18.2148316701253,17.8316224416097,17.9020709991455,18.1440188090007,0.12594782511393,18.0835549672445,0.750472365635263,0.468493645292366,0.793964752434897,-5.06113470644963
"EPDR1","Mammalian ependymin-related protein 1",26.5710748036702,26.3693218231201,26.4744548797607,26.7924785614014,26.9279568990072,26.4442679087321,26.5706386566162,26.0921897888184,27.6045220692952,27.49747021993,0.214760335286458,26.7344375610352,0.746627071450543,0.470721073350491,0.794661825408019,-5.0633394205552
"BDH2","3-hydroxybutyrate dehydrogenase type 2",20.4381300608317,20.2458922068278,20.0929533640544,20.3676293690999,20.007069905599,20.456553141276,20.1596043904622,20.1572977701823,20.3256867726644,20.5799840291341,0.105490239461261,20.2830801010132,0.74377880978746,0.472375244973805,0.794661825408019,-5.06496605618734
"ATP5J2","ATP synthase subunit f, mitochondrial",19.3823757171631,20.9945907592773,20.4512882232666,20.6797949473063,20.8288752237956,19.9638894399007,20.90753809611,20.9911422729492,20.8185634613037,20.7937870025635,0.227599080403646,20.5811845143636,0.743273551426471,0.472669061973557,0.794661825408019,-5.065254036251
"SLC1A3","Excitatory amino acid transporter 1",19.2306035359701,21.1655705769857,21.5816281636556,21.3873748779297,21.3611602783203,20.397403717041,21.2231922149658,21.234811147054,22.0186754862467,21.490301767985,0.327609380086264,21.1090721766154,0.742784943990792,0.472953305132428,0.794661825408019,-5.06553236186607
"AP2B1","AP-2 complex subunit beta",22.3782901763916,22.0203901926676,22.319766998291,22.0380948384603,22.4051329294841,22.4417114257812,22.4445819854736,22.361296971639,22.2535400390625,22.1514574686686,0.09818255106608,22.281426302592,0.734294381499757,0.477909700962663,0.800850788790624,-5.07034305719426
"SDHA","Succinate dehydrogenase [ubiquinone] flavoprotein subunit, mitochondrial",22.3989582061768,22.2839711507161,22.395720799764,22.0164038340251,22.3106187184652,22.2807191212972,22.3101323445638,22.3510189056396,22.5140622456868,22.4013900756836,0.0903299967447928,22.3262995402018,0.732155971171294,0.479163090243812,0.800850788790624,-5.07154696379823
"MIF","Macrophage migration inhibitory factor",24.7201334635417,24.3982461293538,24.3782628377279,24.3669865926107,24.1149222056071,24.353905359904,24.4319222768148,24.5464344024658,24.6493860880534,24.4984429677327,0.100307973225915,24.4458642323812,0.728719337336332,0.481181685626095,0.801116425715662,-5.07347525118051
"NCDN","Neurochondrin",21.4598903656006,21.3639348347982,21.6031455993652,21.4055398305257,21.5517673492432,21.4263114929199,21.8991273244222,21.639445622762,21.28249168396,21.6501528422038,0.102650197347009,21.5281806945801,0.727716029280887,0.481771997729187,0.801116425715662,-5.07403669026886
"CTSD","Cathepsin D;Cathepsin D light chain;Cathepsin D heavy chain",28.176015218099,27.716775894165,27.8220488230387,27.6930917104085,27.6944764455159,28.0469716389974,27.6402848561605,27.6285470326742,28.2131938934326,28.1881383260091,0.122945531209308,27.8819543838501,0.727584859599264,0.481849206634447,0.801116425715662,-5.07411004060088
"EEF1A1P5;EEF1A1","Putative elongation factor 1-alpha-like 3;Elongation factor 1-alpha 1",20.6311550140381,21.4688587188721,21.3217093149821,21.4592393239339,21.4536577860514,21.4843451182048,21.0936145782471,21.6700325012207,21.4669291178385,21.3037605285645,0.136812337239581,21.3353302001953,0.72254090720202,0.484823980597015,0.801849930366985,-5.07692173622581
"MAOA","Amine oxidase [flavin-containing] A",21.3414713541667,21.9146226247152,21.007329305013,22.3856932322184,21.1435470581055,21.8597304026286,21.445484161377,21.6793969472249,22.2064978281657,21.5548896789551,0.190667088826496,21.653866259257,0.715191340929891,0.489178769126572,0.802080841256158,-5.08098757790066
"Sep-05","Septin-5",21.2460530598958,21.0530230204264,20.7097969055176,20.7826379140218,20.3822218577067,20.9025592803955,20.7253182729085,21.0269858042399,21.1617584228516,20.9742673238119,0.1234312693278,20.8964621861776,0.712793880983541,0.490604496923283,0.802080841256158,-5.08230587665685
"RAB6A","Ras-related protein Rab-6A",23.1066919962565,23.5638656616211,23.2695751190186,23.4650103251139,22.7216962178548,23.0898825327555,23.4938697814941,23.2550735473633,23.5473461151123,23.3683191935221,0.125530370076498,23.2881330490112,0.710338312642877,0.492067415255113,0.802080841256158,-5.08365204175639
"PDYN","Proenkephalin-B;Alpha-neoendorphin;Beta-neoendorphin;Big dynorphin;Dynorphin A(1-17);Dynorphin A(1-13);Dynorphin A(1-8);Leu-enkephalin;Rimorphin;Leumorphin",18.9310251871745,20.8605353037516,19.1247094472249,19.9918867746989,18.3825677235921,18.200704574585,19.3916956583659,20.0835698445638,20.8361218770345,20.7675412495931,0.397781753540038,19.6570357640584,0.704810363727995,0.495370459225058,0.802080841256158,-5.08666735714831
"DPP6","Dipeptidyl aminopeptidase-like protein 6",22.5047124226888,22.3241430918376,22.1290938059489,22.0642789204915,21.8874168395996,21.9962895711263,22.2060000101725,22.057809193929,22.760913848877,22.5367952982585,0.129632568359374,22.246745300293,0.703155239372174,0.496362042993624,0.802080841256158,-5.08756608388125
"ECH1","Delta(3,5)-Delta(2,4)-dienoyl-CoA isomerase, mitochondrial",21.3336041768392,21.2190901438395,21.1602414449056,21.4592202504476,20.9266891479492,21.196585337321,21.1955083211263,20.8613535563151,21.9770857493083,21.5941340128581,0.145164362589516,21.292351214091,0.702754210314642,0.496602480569053,0.802080841256158,-5.0877835572757
"Sep-08","Septin-8",19.7654101053874,20.8937212626139,21.0157775878906,21.059663772583,19.6432952880859,19.8718166351318,20.179713567098,20.9331671396891,21.1469306945801,21.6304359436035,0.276839192708332,20.6139931996663,0.700352868296792,0.498043687684687,0.802778893200232,-5.08908345788363
"PYGB","Glycogen phosphorylase, brain form",23.0713761647542,21.6015186309814,22.535359064738,22.8976618448893,22.4428424835205,22.991237004598,22.3181076049805,23.0820719401042,22.8137073516846,22.3086484273275,0.193002827962241,22.6062530517578,0.698327444773255,0.499261249389633,0.803379776936617,-5.09017677287126
"CSRP1","Cysteine and glycine-rich protein 1",22.0419362386068,22.052542368571,21.9746557871501,21.9445654551188,22.4294967651367,22.002389272054,22.5374247233073,22.9477519989014,21.8070799509684,21.9153175354004,0.153353373209636,22.1653160095215,0.6883283564183,0.505298419003377,0.809868779610925,-5.09553267347309
"ATP5L","ATP synthase subunit g, mitochondrial",22.6839930216471,23.0624771118164,23.4803358713786,23.5265318552653,23.5061836242676,23.2470658620199,23.3090572357178,23.4632097880046,23.4770901997884,23.3711465199788,0.121609624226886,23.3127091089884,0.683769736313604,0.508065267788006,0.810688036353009,-5.09795144605899
"CRMP1","Dihydropyrimidinase-related protein 1",21.2656389872233,21.5726356506348,21.3268559773763,21.2651271820068,20.8192049662272,21.4174671173096,21.2268206278483,21.0822353363037,21.377025604248,21.728448232015,0.116506830851235,21.3081459681193,0.678336573129819,0.511374717025861,0.811882063258086,-5.10081537027879
"SSBP1","Single-stranded DNA-binding protein, mitochondrial",21.4158312479655,20.7498613993327,20.7933572133382,21.1306215922038,21.0428377787272,21.2685693105062,20.9580828348796,21.1757837931315,21.2701485951742,20.9867134094238,0.105357742309568,21.0791807174683,0.676071694764069,0.512758079249484,0.812721555610432,-5.10200315746552
"DBN1","Drebrin",20.120808283488,18.4682076772054,19.3302669525146,18.6428025563558,20.7046356201172,20.2258796691895,20.234561920166,19.8218205769857,19.7829558054606,18.6992422739665,0.299547831217449,19.6031181335449,0.673627337404108,0.514253554830735,0.813331357718427,-5.1032810540274
"GPD2","Glycerol-3-phosphate dehydrogenase, mitochondrial",21.2833436330159,21.5051898956299,20.9102649688721,21.1791019439697,21.0160274505615,21.1609026590983,20.9776388804118,21.1977602640788,21.5015284220378,21.6113681793213,0.111054102579755,21.2343126296997,0.664276641801301,0.519998157996853,0.818738821614251,-5.10813098301261
"NDUFA9","NADH dehydrogenase [ubiquinone] 1 alpha subcomplex subunit 9, mitochondrial",21.292501449585,21.8746802012126,21.397071202596,21.7130762736003,21.3427575429281,21.4079170227051,21.578488667806,21.6542593638102,21.5895188649495,21.9079551696777,0.103610483805337,21.575822575887,0.660907562053425,0.522077161253818,0.820103410823006,-5.10986340663633
"PEA15","Astrocytic phosphoprotein PEA-15",18.8683624267578,19.7037760416667,19.8399511973063,19.6871649424235,19.2793572743734,19.1716372172038,19.6315231323242,19.7207400004069,19.5606842041016,20.0029417673747,0.141782887776691,19.5466138203939,0.659100670629115,0.523194166781419,0.820103410823006,-5.11078924838839
"GALNS","N-acetylgalactosamine-6-sulfatase",19.7128829956055,20.5904903411865,20.1400184631348,20.4494539896647,20.1625461578369,20.2242005666097,20.3076159159342,19.6652870178223,20.8216565450033,20.851064046224,0.162886428833006,20.2925216039022,0.658684053563872,0.52345191416358,0.820103410823006,-5.11100239517302
"PPP1R1B","Protein phosphatase 1 regulatory subunit 1B",19.2999820709229,21.364356358846,21.0436528523763,21.5065046946208,21.1560738881429,19.0808982849121,22.1622988382975,21.8964341481527,21.589516321818,21.5481077829997,0.381337102254234,21.0647825241089,0.647541805149112,0.530372715301673,0.825506468497367,-5.11665755341885
"PARK7","Protein deglycase DJ-1",24.7869116465251,24.7396176656087,24.5304228464762,24.4019959767659,24.3477007548014,24.8499908447266,24.3082714080811,24.6664371490479,24.6629257202148,24.8021621704102,0.096627680460613,24.6096436182658,0.644208389124256,0.532453454015409,0.827390906484729,-5.11833236846292
"LMNA","Prelamin-A/C;Lamin-A/C",19.8689778645833,19.6128114064534,19.5358022054036,18.8016026814779,19.6251519521077,20.2248541514079,20.03564453125,19.8310101826986,18.5730012257894,19.7651812235514,0.197069040934247,19.5874037424723,0.642593514175418,0.533463159315,0.827607609312504,-5.11914090594378
"HSD17B10","3-hydroxyacyl-CoA dehydrogenase type-2",22.0404173533122,21.7210572560628,21.7041575113932,21.6053886413574,22.0112705230713,21.5557765960693,21.9347038269043,21.9472173055013,22.1636791229248,21.9622262318929,0.0962623596191407,21.864589436849,0.634644801603576,0.538449143512039,0.831274570584333,-5.12309372812748
"PCCA","Propionyl-CoA carboxylase alpha chain, mitochondrial",18.2450631459554,18.1634019215902,18.8897355397542,19.0458749135335,18.8923384348551,18.1652895609538,18.8695398966471,18.8743801116943,19.3390827178955,18.7469844818115,0.151772562662762,18.7231690724691,0.619801960249359,0.547830471966018,0.835971282209729,-5.13035458989888
"PSMA1","Proteasome subunit alpha type-1",19.0722688039144,19.2809963226318,19.753703435262,19.5876948038737,17.3639558156331,19.5222110748291,18.7978858947754,19.0299256642659,19.5533135732015,19.373696009318,0.243682607014974,19.1335651397705,0.613653636440446,0.551743305596189,0.836542331285878,-5.13331614067884
"HK1","Hexokinase-1",25.0650927225749,25.0561898549398,24.8819268544515,25.109369913737,25.0039005279541,24.8893426259359,25.0616385142008,24.7492020924886,25.4370231628418,25.4802385965983,0.100193023681639,25.0733924865723,0.611961523562635,0.552822916865135,0.836542331285878,-5.13412645046057
"ATP6V1D","V-type proton ATPase subunit D",20.6037623087565,20.6567344665527,20.5104598999023,20.6686712900798,20.3107395172119,20.8406473795573,20.5341606140137,20.6289075215658,20.7573401133219,20.3978570302327,0.0817090352376262,20.5909280141195,0.608017896416839,0.555343625359951,0.838304424948116,-5.13600697536239
"GBAS","Protein NipSnap homolog 2",20.6985899607341,20.302734375,21.2582092285156,19.9432754516602,21.4361114501953,20.7010955810547,20.1625289916992,21.2568448384603,21.3675371805827,21.1185607910156,0.193529383341471,20.8245487848918,0.605811808439247,0.556756509682641,0.839105294307753,-5.13705407685186
"GPI","Glucose-6-phosphate isomerase",22.8398927052816,23.2041969299316,23.9890982309977,23.5980536142985,23.7185815175374,23.5807666778564,24.035987218221,23.7539819081624,23.3962688446045,23.2746651967367,0.138369369506836,23.5391492843628,0.602967564006227,0.558581041047105,0.839704435616581,-5.13839890597019
"S100A1","Protein S100-A1",18.9419962565104,21.5208651224772,21.0281899770101,21.4520422617594,20.955161412557,19.6376762390137,21.6058648427327,21.5425656636556,20.9836483001709,21.7025248209635,0.314804967244467,20.9370534896851,0.598131774660074,0.561690693788965,0.839704435616581,-5.14067200665576
"NDUFS1","NADH-ubiquinone oxidoreductase 75 kDa subunit, mitochondrial",23.936424891154,23.3933690388997,23.3237336476644,23.4068648020426,23.5739784240723,23.5552145640055,23.5798721313477,23.5733439127604,23.6722965240479,23.6725273132324,0.0837767283121769,23.5687625249227,0.596950332559861,0.562451866969255,0.839704435616581,-5.14122478850916
"GNS","N-acetylglucosamine-6-sulfatase",19.1567459106445,18.3797181447347,19.0508518218994,18.9586544036865,19.0891640981038,19.4668744405111,18.8065484364827,18.7274309794108,18.7525596618652,19.5327892303467,0.130213673909505,18.9921337127686,0.592811931857045,0.565122601235702,0.839736865273676,-5.14315314187117
"AP2S1","AP-2 complex subunit sigma",20.7015018463135,20.4529781341553,20.9326210021973,20.633456548055,20.5579140981038,21.1559575398763,20.5572732289632,20.8880030314128,20.6002922058105,20.5447044372559,0.0935517628987646,20.7024702072144,0.587079462871689,0.568833516627108,0.840550840156864,-5.14580380770622
"LHPP","Phospholysine phosphohistidine inorganic pyrophosphate phosphatase",20.3820705413818,19.9662246704102,19.7815036773682,18.433313369751,19.9120623270671,20.1167367299398,20.0293095906576,20.0929705301921,19.2085380554199,20.0011138916016,0.194698842366534,19.7923843383789,0.586648595250138,0.569112974133599,0.840550840156864,-5.14600207684566
"COX7A2","Cytochrome c oxidase subunit 7A2, mitochondrial",22.2162532806396,22.1883405049642,22.1987864176432,22.1092942555745,22.414010365804,22.2229099273682,22.3736489613851,22.1604747772217,22.3312797546387,22.3800773620605,0.0683411916097001,22.25950756073,0.583808730997737,0.570956755369336,0.840550840156864,-5.1473055073206
"FKBP1A","Peptidyl-prolyl cis-trans isomerase FKBP1A",25.1613680521647,24.9357579549154,24.9463698069255,25.0696830749512,25.1051947275798,25.1604455312093,25.4997450510661,25.2911624908447,24.7765204111735,24.9385744730632,0.0896148681640643,25.0884821573893,0.583729614396363,0.571008168163365,0.840550840156864,-5.14734173617491
"QDPR","Dihydropteridine reductase",24.2005736033122,25.1603476206462,24.5079898834229,24.9458026885986,24.5441137949626,24.4825534820557,24.7694759368897,24.7016792297363,25.0219033559163,24.9491030375163,0.113177490234377,24.7283542633057,0.582423321855237,0.571857406499991,0.840550840156864,-5.14793925301824
"TIMM9","Mitochondrial import inner membrane translocase subunit Tim9",20.6728197733561,20.354102452596,20.6633682250977,20.3664805094401,20.5021851857503,20.8815619150798,20.4581673940023,20.7563470204671,20.3692283630371,20.5079975128174,0.0828692118326815,20.5532258351644,0.57804528492603,0.574708606157443,0.842099850905664,-5.14993278805676
"HINT1","Histidine triad nucleotide-binding protein 1",19.2729091644287,18.6915810902913,21.3457953135173,20.1670042673747,21.1005268096924,19.135934193929,21.0969530741374,20.7923851013184,20.0488847096761,21.0548502604167,0.310238138834636,20.2706823984782,0.56876126051234,0.580780082086598,0.844694376329922,-5.15411408713006
"NFS1","Cysteine desulfurase, mitochondrial",19.2840665181478,19.1590938568115,19.2034498850505,19.219913482666,19.2551930745443,18.5770117441813,19.423137029012,19.7797908782959,19.5987612406413,19.3206723531087,0.115531285603838,19.2821090062459,0.568587679081454,0.580893924416161,0.844694376329922,-5.15419166530327
"GPX1","Glutathione peroxidase 1",23.0188655853271,21.4235884348551,22.8669300079346,21.501163482666,22.9119974772135,23.216578801473,21.1395212809245,22.9700915018717,22.7393067677816,22.9146124521891,0.2515131632487,22.4702655792236,0.557970406587341,0.587879735693646,0.849453970523931,-5.15889491813945
"RPL22","60S ribosomal protein L22",22.1254107157389,22.0123666127523,21.5651556650798,19.3787784576416,20.7430489857992,19.6153875986735,21.7818806966146,21.4689750671387,22.5211874643962,22.1502888997396,0.342591857910157,21.3362480163574,0.556947245678695,0.588555274375308,0.849453970523931,-5.1593437980781
"NANS","Sialic acid synthase",17.917911529541,17.1511344909668,18.3459739685059,18.2090835571289,18.8335501352946,17.9015553792318,18.5080451965332,18.7259744008382,18.1196638743083,18.0058848063151,0.160693995157876,18.1718777338664,0.556393256692644,0.588921214195187,0.849453970523931,-5.15958652303616
"NEFH","Neurofilament heavy polypeptide",22.778657913208,23.8896942138672,23.8605505625407,23.7615337371826,23.4065818786621,23.7247295379639,23.7012303670247,23.4176826477051,23.7247982025146,23.7129103342692,0.116866556803384,23.5978369394938,0.555263586091093,0.589667793525508,0.849453970523931,-5.16008077959396
"NDUFS7","NADH dehydrogenase [ubiquinone] iron-sulfur protein 7, mitochondrial",20.1509488423665,20.2218081156413,20.4154567718506,20.2994416554769,20.3650760650635,20.2688884735107,20.2202911376953,20.0597197214762,20.662446975708,20.6599941253662,0.0837217966715523,20.3324071884155,0.5541267093748,0.590419636715371,0.849453970523931,-5.16057724331564
"PABPC1","Polyadenylate-binding protein 1",20.5157521565755,18.7080542246501,21.3958288828532,20.9301668802897,21.6785933176676,21.8265921274821,21.2820765177409,21.4330399831136,19.3594703674316,20.881290435791,0.310814793904622,20.8010864893595,0.534950366308011,0.603176594991625,0.860001412049529,-5.16880803769039
"UGP2","UTP--glucose-1-phosphate uridylyltransferase",20.6906483968099,20.4836546579997,20.2418918609619,20.2116444905599,19.9379342397054,20.3668130238851,20.1248156229655,20.471607208252,20.5941473642985,20.4351272583008,0.0853473663330111,20.3558284123739,0.523494898938021,0.610864181983291,0.867062443382253,-5.17359527969358
"HDHD2","Haloacid dehalogenase-like hydrolase domain-containing protein 2",18.2321033477783,18.9501914978027,19.4289544423421,19.3057130177816,18.3576539357503,18.4156799316406,18.6795825958252,19.6855614980062,19.0659453074137,19.1927045186361,0.152971522013345,18.9314090092977,0.518900186233865,0.613961482438428,0.869498970804151,-5.17548805229154
"NPTN","Neuroplastin",21.006275177002,20.3449751536051,20.7584476470947,18.71808497111,21.0699736277262,19.3858248392741,21.2555363972982,21.1084060668945,20.1119384765625,21.3336887359619,0.259527587890625,20.5093151092529,0.518236733880338,0.614409367382113,0.869498970804151,-5.17576006193841
"CRYZ","Quinone oxidoreductase",19.5865294138591,20.0172608693441,19.0523675282796,20.6616350809733,19.8854173024495,19.401060740153,20.0929495493571,19.8994801839193,20.5470155080159,20.0100027720133,0.149459711710612,19.9153718948364,0.513676866286656,0.617492079577823,0.872563102048306,-5.17762070395918
"PSMB5","Proteasome subunit beta type-5",19.5782489776611,19.5119018554688,19.8043028513591,19.8707574208577,19.5506744384766,20.00594774882,19.7362435658773,19.3755944569906,19.988400777181,19.6090132395426,0.0798628489176432,19.7031085332235,0.511144579724861,0.619207365885594,0.873688731390504,-5.17864730725883
"ALDH5A1","Succinate-semialdehyde dehydrogenase, mitochondrial",21.7412872314453,21.7205276489258,21.4151020050049,21.9465948740641,21.3995164235433,21.9281476338704,21.606959660848,21.6888955434163,21.8013712565104,21.5686143239339,0.0741920471191398,21.6817016601562,0.506487209760005,0.62236828273339,0.875550646271381,-5.18052294179595
"HEBP2","Heme-binding protein 2",18.2803293863932,18.1073964436849,18.2046413421631,18.127836227417,18.4116439819336,18.7219511667887,17.8982092539469,18.4108689626058,18.1377410888672,18.3719120025635,0.081767018636069,18.2672529856364,0.502927108243596,0.624789857845017,0.877659017445511,-5.18194575464366
"SPTBN1","Spectrin beta chain, non-erythrocytic 1",25.5145206451416,25.5465253194173,25.2732022603353,25.4422334035238,24.8917802174886,25.3085683186849,25.2547397613525,25.2354958852132,25.7314796447754,25.5544656117757,0.0832974751790365,25.3753011067708,0.501240650794445,0.625938598760792,0.877975822155624,-5.18261644793359
"UBE2N","Ubiquitin-conjugating enzyme E2 N",21.359577814738,21.6953767140706,21.4765370686849,21.567169825236,21.6699460347493,21.6971537272135,21.8317311604818,21.503231048584,21.5014324188232,21.5525283813477,0.0634938557942714,21.5854684193929,0.49804650105561,0.628117148774132,0.879734033113695,-5.18388090668391
"RTN1","Reticulon-1",20.7848027547201,20.9318033854167,20.7385807037354,20.6191012064616,21.0540625254313,21.0278549194336,20.8881759643555,21.1049270629883,20.6719150543213,20.7785822550456,0.0686209360758491,20.8599805831909,0.496255308256868,0.629340439736101,0.880032725186225,-5.18458663664344
"ALDH7A1","Alpha-aminoadipic semialdehyde dehydrogenase",22.5692653656006,23.1089445749919,22.1530653635661,22.9326413472493,21.9914169311523,22.5765221913656,22.5840447743734,22.4569314320882,22.8701915740967,22.8083267211914,0.108136622111003,22.6051350275675,0.493112473719017,0.631489632192818,0.880566921136906,-5.18581910059442
"ATP1A3","Sodium/potassium-transporting ATPase subunit alpha-3",26.1404876708984,26.0962098439534,26.1800835927327,26.201774597168,25.9584821065267,26.299778620402,26.1911907196045,25.7093709309896,26.5634117126465,26.195884068807,0.0765196482340499,26.1536673863729,0.478747395785097,0.641358044814732,0.887684410083574,-5.19135789241691
"HSPD1","60 kDa heat shock protein, mitochondrial",25.9606157938639,25.5898825327555,25.2807750701904,25.7630564371745,25.5045007069906,25.6760158538818,25.4962317148844,25.537800470988,26.0485159556071,25.7318757375081,0.0783218383789061,25.6589270273844,0.477815197260995,0.642000969101639,0.887684410083574,-5.19171195553305
"SLC25A6","ADP/ATP translocase 3;ADP/ATP translocase 3, N-terminally processed",25.4674975077311,24.7702929178874,24.6443106333415,24.9396603902181,25.3062477111816,24.9640789031982,25.2797832489014,24.8241570790609,25.3973611195882,25.1136194864909,0.0901981353759719,25.0707008997599,0.476640317838596,0.642811702594703,0.887684410083574,-5.19215725900088
"OTUB1","Ubiquitin thioesterase OTUB1",21.5673332214355,21.1362635294596,21.5710366566976,21.6817658742269,21.4562606811523,21.7989508310954,21.5095233917236,21.7371660868327,21.4119917551676,21.3130950927734,0.071613438924157,21.5183387120565,0.472080869695785,0.645962565625311,0.887684410083574,-5.19387551720923
"MYL6;MYL6B","Myosin light polypeptide 6;Myosin light chain 6B",21.2888660430908,20.67023340861,20.2985808054606,20.296059290568,20.9528210957845,21.1777006785075,20.366189956665,20.8182277679443,20.9026317596436,20.7646935780843,0.104576619466148,20.7536004384359,0.47168316181888,0.646237751235142,0.887684410083574,-5.19402465158516
"ATP6V0D1","V-type proton ATPase subunit d 1",22.2670256296794,21.92658106486,22.0073731740316,22.0004660288493,22.0285154978434,22.0412743886312,22.0005461374919,22.0176296234131,22.3298880259196,22.1269550323486,0.0572663625081367,22.0746254603068,0.459315815470736,0.654822431272918,0.896023211713014,-5.19860249366303
"ADD1","Alpha-adducin",22.6965891520182,22.5274600982666,22.2870229085286,22.3782043457031,22.012996673584,22.7413400014242,22.2798697153727,22.0043741861979,22.9624576568604,22.3737214406331,0.091897964477539,22.4264036178589,0.455327572296677,0.657602037418622,0.897244673723256,-5.20005404347706
"DCLK1","Serine/threonine-protein kinase DCLK1",19.2457586924235,19.011137008667,19.2991167704264,19.2328306833903,18.838285446167,19.2972628275553,19.4101835886637,19.5089937845866,19.0009377797445,18.7923202514648,0.0765139261881489,19.1636826833089,0.451975273653119,0.659942604210615,0.899148161324205,-5.20126479192172
"PSMA6","Proteasome subunit alpha type-6",19.2034962972005,19.543010075887,19.8504530588786,20.0662708282471,19.5035978953044,20.4794667561849,19.5257829030355,20.1662063598633,18.6259727478027,20.0907306671143,0.144266255696618,19.7054987589518,0.44996477115483,0.661348155301188,0.899774099701616,-5.20198682599131
"SORD","Sorbitol dehydrogenase",19.9105555216471,20.6790974934896,20.1163914998372,20.2154375712077,19.9169527689616,20.4294274648031,20.3851509094238,19.6912434895833,20.4046897888184,20.3665065765381,0.0877166748046842,20.211545308431,0.444125207987101,0.665438322842157,0.902585367924982,-5.20406655037035
"SPR","Sepiapterin reductase",18.4274031321208,18.1078014373779,18.3953825632731,18.4369360605876,17.8696721394857,18.1912097930908,18.2499663035075,18.2294216156006,18.5109144846598,18.3846836090088,0.0658000946044901,18.2803391138713,0.443012990348431,0.666218639078996,0.902585367924982,-5.20445971480662
"MVP","Major vault protein",21.8549226125081,20.3549512227376,17.875986735026,19.8071943918864,18.6361401875814,21.1127160390218,20.443203608195,18.7402076721191,20.0577634175618,19.6801230112712,0.300963719685871,19.8563208897909,0.441599604048014,0.667210845059161,0.902585367924982,-5.20495798035551
"GNG7","Guanine nucleotide-binding protein G(I)/G(S)/G(O) subunit gamma-7",21.075226465861,20.4240258534749,20.2618363698324,20.2053457895915,20.5163014729818,20.3717238108317,20.3939050038656,20.2979056040446,20.7997315724691,21.0770435333252,0.0915147145589162,20.5423045476278,0.43659548296917,0.670729090559283,0.904754436783404,-5.20670984762905
"PDXK","Pyridoxal kinase",18.507750193278,20.4468777974447,20.3182519276937,20.2324562072754,20.5481961568197,19.3275190989176,20.553290049235,20.4460639953613,20.1928819020589,20.3594621022542,0.165136973063152,20.0932749430339,0.428545325709566,0.676406179622127,0.906990868010547,-5.20948793783913
"LGALS1","Galectin-1",24.0438683827718,23.6710395812988,23.9904054005941,23.420991897583,23.5939852396647,24.4054050445557,23.2894458770752,24.3379141489665,23.4458497365316,23.7526931762695,0.1022034962972,23.7951598485311,0.425589395802008,0.678496040354884,0.907524239630794,-5.21049557376522
"PITPNA","Phosphatidylinositol transfer protein alpha isoform",19.395435333252,18.6016801198324,18.8823890686035,19.2286357879639,18.9323984781901,18.3248170216878,19.0196685791016,19.1509526570638,19.5200004577637,19.5398788452148,0.102955754597982,19.0595856348674,0.422427095460822,0.680734928884314,0.909240052484526,-5.21156614522501
"SH3GL2","Endophilin-A1",21.2518933614095,21.5412082672119,21.8491846720378,21.618870417277,21.6579500834147,21.4875602722168,21.6914431254069,21.679604212443,21.4762535095215,21.8744106292725,0.058032989501953,21.6128378550212,0.398618602713265,0.697692923681474,0.91807914171071,-5.21937958160763
"CKMT1A","Creatine kinase U-type, mitochondrial",23.9569498697917,23.9476935068766,23.8488890329997,23.7464065551758,24.2212727864583,23.743018468221,24.1751543680827,24.063814163208,23.9812405904134,24.0255870819092,0.0535205841064439,23.9710026423136,0.392048028755516,0.70240387371712,0.922360091566717,-5.22145896632972
"CPQ","Carboxypeptidase Q",19.2683792114258,20.8679345448812,20.5143864949544,20.2872282663981,20.4269301096598,19.2181485493978,20.7022482554118,20.3128312428792,20.814567565918,21.0389073689779,0.144368871053058,20.3451561609904,0.390585861564427,0.703453996734729,0.922360091566717,-5.22191715721654
"IDS","Iduronate 2-sulfatase;Iduronate 2-sulfatase 42 kDa chain;Iduronate 2-sulfatase 14 kDa chain",19.0357309977214,21.7500197092692,20.9764111836751,21.1487197875977,21.0121402740479,20.75066502889,20.7581284840902,20.661371866862,21.2556718190511,21.3067143758138,0.161905924479165,20.8655573527018,0.386973443412447,0.70605118240803,0.922841426285164,-5.22304206651585
"NDUFV2","NADH dehydrogenase [ubiquinone] flavoprotein 2, mitochondrial",22.0218696594238,21.923791885376,21.8744169871012,21.7507044474284,21.8596356709798,21.8710664113363,21.9475714365641,21.8119792938232,22.0293807983398,21.9879550933838,0.0435068766276029,21.9078371683757,0.381396584068803,0.710068383488167,0.922841426285164,-5.22475885564746
"","",22.3059387207031,22.0228678385417,23.008446375529,22.1743081410726,23.7364705403646,22.559242884318,22.6489162445068,23.2860972086589,20.3300940195719,20.0728963216146,0.0539880116780581,26.6061815261841,0.381039534751112,0.710325892787319,0.922841426285164,-5.22486794900546
"RPL7A","60S ribosomal protein L7a",21.869696299235,21.422966003418,21.1274967193604,22.0784352620443,21.1450322469076,21.4002304077148,21.1658484141032,20.9354527791341,22.5486323038737,22.1950378417969,0.120315043131506,21.5888828277588,0.370504661366417,0.717940636351505,0.928102955462001,-5.22804224827277
"GDAP1","Ganglioside-induced differentiation-associated protein 1",21.0450477600098,21.1974137624105,21.1058864593506,21.3420645395915,21.5199247996012,21.4014790852865,21.4854888916016,21.4234212239583,21.154083887736,21.0147825876872,0.0537836710611972,21.2689592997233,0.366127629936581,0.721113881630781,0.928102955462001,-5.2293357381027
"RAB5B","Ras-related protein Rab-5B",21.7327499389648,21.6907037099202,22.038942972819,21.9241886138916,21.4523328145345,21.9734567006429,21.507527033488,21.6225261688232,22.031348546346,21.9981683095296,0.0588217417399065,21.797194480896,0.36264990836297,0.723639057618008,0.928282738325002,-5.23035283249413
"STIP1","Stress-induced-phosphoprotein 1",21.6701043446859,21.7301266988118,21.8959554036458,21.9515342712402,21.8590081532796,21.9188423156738,21.8804225921631,22.0577290852865,21.8741391499837,21.6052532196045,0.0459314982096322,21.8443115234375,0.359281745254254,0.7260879548787,0.928282738325002,-5.23132890133957
"VAPB","Vesicle-associated membrane protein-associated protein B/C",21.1922410329183,19.4398485819499,22.1427930196126,21.3914553324382,22.4400901794434,21.4547634124756,21.7793782552083,21.9554818471273,21.0811367034912,21.1897392272949,0.170814259847005,21.406692759196,0.358379589887222,0.72674443021298,0.928282738325002,-5.23158883732836
"UCHL1","Ubiquitin carboxyl-terminal hydrolase isozyme L1",25.5712706247966,25.4570376078288,25.8279654184977,25.6138197580973,26.1159451802572,26.3642152150472,26.1082878112793,26.1015078226725,25.2975145975749,25.1598440806071,0.0890661875406905,25.7617408116659,0.357679713056769,0.727253870176762,0.928282738325002,-5.23179005394628
"DYNC1LI2","Cytoplasmic dynein 1 light intermediate chain 2",19.9558900197347,19.6674410502116,19.9063523610433,19.0290412902832,20.0771827697754,19.5850715637207,19.9295069376628,20.1378021240234,19.7855834960938,19.5717277526855,0.0747568766276059,19.7645599365234,0.357486944421735,0.727394210504256,0.928282738325002,-5.23184540836378
"PSMB4","Proteasome subunit beta type-4",20.2131462097168,19.6632086435954,19.2716846466064,19.8733329772949,19.7804457346598,20.3475704193115,19.844674428304,19.7002792358398,19.8216419219971,19.4527454376221,0.0730186462402364,19.7968729654948,0.354078973476365,0.7298770134535,0.928282738325002,-5.23281923469715
"NEFL","Neurofilament light polypeptide",26.5111134847005,26.2050978342692,26.1020844777425,26.2894547780355,25.6881675720215,27.0167484283447,26.0880508422852,25.7373847961426,26.2866166432699,26.086088180542,0.0837941487630243,26.2010807037354,0.353729285724905,0.730131954013777,0.928282738325002,-5.23291864491475
"OXCT1","Succinyl-CoA:3-ketoacid coenzyme A transferase 1, mitochondrial",21.8018531799316,21.4235871632894,21.3196894327799,21.4852676391602,21.2287292480469,21.5930754343669,21.3236560821533,21.4722684224447,21.7514476776123,21.3725388844808,0.0507719675699854,21.4772113164266,0.344886801447647,0.736589802324769,0.934039169201464,-5.23540065152076
"TPPP","Tubulin polymerization-promoting protein",21.5001621246338,21.7761465708415,20.8138828277588,21.2548357645671,21.6865469614665,21.2669366200765,21.859006245931,21.1578960418701,21.4100011189779,21.6908887227376,0.0706309000651024,21.4416302998861,0.33598537798859,0.74311217407826,0.934987258052577,-5.237837399244
"Sep-07","Septin-7",22.0112444559733,22.3360538482666,21.8566455841064,21.9608612060547,21.4689483642578,21.9505437215169,21.7076320648193,21.8891894022624,22.2319641113281,22.1465403238932,0.0584232330322269,21.9559623082479,0.333221819368022,0.745141435873346,0.934987258052577,-5.23858128429944
"PPP1CB;PPP1CA","Serine/threonine-protein phosphatase PP1-beta catalytic subunit;Serine/threonine-protein phosphatase PP1-alpha catalytic subunit",19.6888573964437,20.7395763397217,20.5909112294515,20.8452714284261,20.7862656911214,20.0927276611328,20.3694852193197,20.8703282674154,20.7578423817952,20.9775638580322,0.0834130605061851,20.571882947286,0.331829298410753,0.746164719436877,0.934987258052577,-5.23895384784917
"LONP1","Lon protease homolog, mitochondrial",18.0665709177653,18.6943842569987,18.6953824361165,18.8296133677165,18.5332679748535,18.3211841583252,18.4339173634847,18.7051010131836,18.9089628855387,18.7439886728923,0.0587870279947907,18.5932373046875,0.331743912721305,0.746227481092145,0.934987258052577,-5.23897664293706
"C20orf27","UPF0687 protein C20orf27",19.5684928894043,19.4614493052165,19.3616886138916,19.5430164337158,19.4515736897786,18.6558488210042,19.3747711181641,19.3961550394694,20.6233469645182,19.807456334432,0.0942714691162148,19.5243799209595,0.322141699228459,0.753297600711599,0.934987258052577,-5.24150357499338
"BLVRB","Flavin reductase (NADPH)",19.4917157491048,18.7494875590007,20.2022844950358,19.6273231506348,19.7778104146322,19.8325684865316,20.1671956380208,19.8253389994303,18.8803113301595,19.6091003417969,0.0931786855061836,19.6163136164347,0.32154300902277,0.753739206469456,0.934987258052577,-5.24165872679118
"HEXA","Beta-hexosaminidase subunit alpha",18.0610205332438,18.6808929443359,19.4432799021403,19.0704345703125,19.0809466044108,18.5012098948161,18.7290236155192,19.0477860768636,19.3366069793701,19.1334190368652,0.0822942097981755,18.9084620157878,0.320535277020906,0.754482736758926,0.934987258052577,-5.24191924582279
"NPEPPS","Puromycin-sensitive aminopeptidase",23.0267677307129,23.1290461222331,23.1012471516927,23.2124106089274,23.111733118693,23.1380907694499,22.9958775838216,23.2161858876546,23.2538617451986,23.1558303833008,0.0357283274332692,23.1341051101685,0.319071596235349,0.755563139359757,0.934987258052577,-5.24229621356268
"CAPG","Macrophage-capping protein",19.3305568695068,19.1565227508545,18.7596206665039,18.9225858052572,18.9430599212646,18.1061267852783,19.1781380971273,19.6422424316406,19.0889174143473,19.5164165496826,0.0838990529378263,19.0644187291463,0.317181938556501,0.756958778503717,0.934987258052577,-5.24278039678091
"SCARB2","Lysosome membrane protein 2",23.938237508138,24.0940634409587,23.8778305053711,24.0719782511393,23.8907407124837,23.797841389974,23.8532555898031,23.8314978281657,24.3762486775716,24.2518253326416,0.0475636800130212,23.9983519236247,0.317078909044225,0.75703489873868,0.934987258052577,-5.24280671500504
"TKT","Transketolase",24.5921986897786,24.4008560180664,24.0554580688477,24.258056640625,24.4473876953125,24.3857790629069,24.3877684275309,24.4974975585938,24.2315667470296,24.462854385376,0.042301813761393,24.3719423294067,0.315703066543312,0.758051655366829,0.935028695530291,-5.24315736390692
"ADH5","Alcohol dehydrogenase class-3",19.9912986755371,20.3749122619629,19.7692629496257,20.0142161051432,19.5146903991699,19.9362767537435,20.0760288238525,20.1240577697754,20.1517340342204,19.6529966990153,0.0553427378336603,19.9605474472046,0.313768573030331,0.759482065269955,0.935579590766486,-5.24364786908831
"COTL1","Coactosin-like protein",19.6762510935466,21.6708863576253,20.7016461690267,21.1995436350505,21.0550365447998,19.5159371693929,21.1783504486084,21.5442962646484,21.1933002471924,21.5473861694336,0.135181299845378,20.9282634099325,0.307380215616843,0.764212402774651,0.93746032939082,-5.24524672897738
"TOMM70A","Mitochondrial import receptor subunit TOM70",20.8393313090007,21.1248105367025,21.208517074585,20.9058850606283,21.5681521097819,20.9549007415771,21.5957374572754,21.4012209574382,21.0344848632812,20.9331970214844,0.0545689900716154,21.1566237131755,0.291127655180943,0.776291673163837,0.945800852758695,-5.2491690987608
"TMX4","Thioredoxin-related transmembrane protein 4",18.5465488433838,19.6046593983968,19.6446367899577,19.0460383097331,18.3548978169759,18.8411464691162,19.2185834248861,19.4554487864176,19.4290167490641,18.6549212137858,0.0804670969645184,19.0795897801717,0.286449348573068,0.779780317220969,0.947089504057652,-5.25025942442288
"TMEM35","Transmembrane protein 35",19.3495801289876,18.6284885406494,20.0775330861409,19.3409716288249,19.9102802276611,20.0380999247233,19.6527366638184,19.813912709554,18.9461186726888,19.2657572428385,0.0819543202718107,19.5023478825887,0.281902989753119,0.783175415936604,0.949645244176256,-5.2513023828394
"ACHE","Acetylcholinesterase",18.8948504130046,19.0832614898682,18.7513847351074,18.8617337544759,18.8207047780355,18.8015562693278,18.6836744944255,18.6892331441243,19.1845925649007,19.2675787607829,0.0429400126139329,18.9038570404053,0.277363517705113,0.786570071919905,0.951689743506145,-5.25232740636992
"TST","Thiosulfate sulfurtransferase",20.4220250447591,20.444730758667,20.3435096740723,19.8030764261882,19.9879824320475,19.4017817179362,20.4163888295492,20.4205150604248,20.4856751759847,20.587984085083,0.0622041066487614,20.2313669204712,0.262204103633258,0.797939558614853,0.95492632052615,-5.25563184441555
"RAC1;RAC3","Ras-related C3 botulinum toxin substrate 1;Ras-related C3 botulinum toxin substrate 3",23.2215296427409,22.8892987569173,22.974276860555,23.3780473073324,22.8859952290853,23.0531005859375,23.095090230306,22.8770910898844,23.1612841288249,23.3543783823649,0.0383593241373705,23.0890092213949,0.260153892287034,0.799481029357255,0.95492632052615,-5.25606471723916
"ATP1B2","Sodium/potassium-transporting ATPase subunit beta-2",19.423552831014,19.3852303822835,18.5632260640462,18.9414265950521,20.3829530080159,19.2135702768962,19.3072751363118,19.4574298858643,19.1903889973958,19.9168020884196,0.0778155008951854,19.3781855265299,0.259557964636623,0.799929250539296,0.95492632052615,-5.25618991110906
"GSTP1","Glutathione S-transferase P",23.637056350708,23.5604864756266,22.8248087565104,23.4018885294596,23.0893026987712,23.4915637969971,22.9739316304525,23.3896389007568,23.4643987019857,23.4315770467122,0.0475134531656887,23.326465288798,0.259172280330262,0.800219379273664,0.95492632052615,-5.25627078583015
"MAPK1","Mitogen-activated protein kinase 1",23.3738924662272,23.5421746571859,23.4995403289795,23.1032829284668,23.2664903004964,23.0273551940918,23.3557942708333,23.4182421366374,23.4623292287191,23.7215436299642,0.0399767557779954,23.3770645141602,0.258197617048043,0.80095270384645,0.95492632052615,-5.2564746364754
"NME2P1;NME2;NME1","Putative nucleoside diphosphate kinase;Nucleoside diphosphate kinase B;Nucleoside diphosphate kinase A",23.403533299764,22.4305858612061,22.1029847462972,22.8096421559652,22.2158419291178,23.3190797170003,22.2207075754801,22.4386018117269,22.631275177002,22.7046432495117,0.0703439076741543,22.6276895523071,0.257361064267675,0.801582275241589,0.95492632052615,-5.25664899791898
"TPP1","Tripeptidyl-peptidase 1",24.6731433868408,24.8564446767171,25.023224512736,24.8227322896322,24.8999964396159,24.3702220916748,24.6569550832113,24.8179690043132,25.2198346455892,25.464474995931,0.0507829030354785,24.8804997126261,0.252952328573623,0.804902609350007,0.95492632052615,-5.257558691282
"ATP6V1B2","V-type proton ATPase subunit B, brain isoform",23.2675304412842,23.6813246409098,23.8093579610189,23.7500979105632,23.7074368794759,23.6108627319336,23.7319552103678,23.6268889109294,23.8011856079102,23.6097850799561,0.032985941569012,23.6596425374349,0.244305585099203,0.811426294204633,0.95492632052615,-5.25929784138039
"RPS25","40S ribosomal protein S25",18.8014469146729,19.7313404083252,19.6580696105957,20.032683690389,19.7555472056071,19.448933283488,19.6633847554525,19.4085801442464,19.9003531138102,19.8260847727458,0.053649648030599,19.6226423899333,0.24344564387912,0.812075917213547,0.95492632052615,-5.25946754236166
"ATP5C1","ATP synthase subunit gamma, mitochondrial",23.4499638875326,23.439172744751,23.5521926879883,23.8357664744059,23.7389570871989,23.4921983083089,23.6246452331543,23.6312707265218,23.8822428385417,23.5495211283366,0.0327650705973315,23.619593111674,0.24294089614446,0.812457286080967,0.95492632052615,-5.25956687438154
"TF","Serotransferrin",23.4997336069743,22.0957934061686,22.7010218302409,21.8501504262288,23.7150090535482,22.8745148976644,23.2906901041667,22.7894872029622,22.8537222544352,22.4685287475586,0.0830469767252608,22.8138651529948,0.239059032342517,0.815391966639625,0.95492632052615,-5.26032400697413
"ATP5O","ATP synthase subunit O, mitochondrial",24.3405234018962,24.2257957458496,24.5341504414876,24.4645773569743,24.5715599060059,24.6090393066406,24.3175328572591,24.4334341684977,24.6626675923665,24.272694905599,0.031752395629878,24.4431975682576,0.238585450870833,0.815750196243287,0.95492632052615,-5.26041555205453
"PRCP","Lysosomal Pro-X carboxypeptidase",23.2134869893392,23.6958122253418,23.6409136454264,23.3974456787109,23.5961939493815,23.0452651977539,23.3506768544515,23.5640074412028,23.8274230957031,23.9822203318278,0.0451480865478503,23.5313445409139,0.237179955521541,0.816813608306934,0.95492632052615,-5.26068618428814
"EIF2S3;EIF2S3L","Eukaryotic translation initiation factor 2 subunit 3;Putative eukaryotic translation initiation factor 2 subunit 3-like protein",18.4213485717773,18.590934753418,19.3545843760173,19.3066838582357,19.5479615529378,19.0471407572428,19.2582429250081,19.4436308542887,18.8421319325765,18.907834370931,0.0554935455322254,19.0720493952433,0.235100837665765,0.818387394251866,0.95492632052615,-5.26108362896095
"ARHGDIA","Rho GDP-dissociation inhibitor 1",24.0025386810303,23.6178798675537,23.6408468882243,23.5988845825195,24.0182202657064,24.409720102946,23.9849198659261,23.6748975118001,23.3843148549398,23.6556186676025,0.0462201436360676,23.7987841288249,0.233804660914211,0.819368956413605,0.95492632052615,-5.26132965745342
"GNB2","Guanine nucleotide-binding protein G(I)/G(S)/G(T) subunit beta-2",21.7511030832926,21.7287584940592,21.8441537221273,21.9287103017171,22.2460422515869,21.7057043711344,22.0011494954427,22.1039651234945,22.1560662587484,21.7088629404704,0.0353960673014327,21.9174516042074,0.231245299631103,0.821308042297441,0.955616597810834,-5.26181150614171
"PRRT2","Proline-rich transmembrane protein 2",21.2555128733317,21.0451164245605,21.1391989390055,20.8650353749593,20.4070097605387,21.0623817443848,21.1128807067871,20.5116539001465,21.4014746348063,20.8506457010905,0.0454326629638661,20.9650910059611,0.22179806518218,0.828476365505743,0.959805607843637,-5.2635447380495
"PADI2","Protein-arginine deiminase type-2",21.2607154846191,20.6193663279216,20.3441982269287,20.613748550415,20.9510561625163,21.3841400146484,19.9109007517497,21.1965096791585,20.7945810953776,20.8044274648031,0.0602948506673178,20.7879643758138,0.220764828710536,0.829261360614817,0.959805607843637,-5.26372996402618
"ATP2B4;ATP2B1;ATP2B3","Plasma membrane calcium-transporting ATPase 4;Plasma membrane calcium-transporting ATPase 1;Plasma membrane calcium-transporting ATPase 3",18.6883500417074,19.319793065389,19.1616560618083,19.3322950998942,19.0380160013835,18.9586607615153,19.1199423472087,18.707447052002,19.5232721964518,19.4410928090413,0.0420609792073584,19.1290525436401,0.218976599261072,0.830620415620729,0.959805607843637,-5.26404851429593
"CNPY2","Protein canopy homolog 2",19.6824696858724,19.0586045583089,19.5317255655924,18.3706188201904,19.758908589681,19.3845723470052,19.6242516835531,19.157299041748,19.3962478637695,19.1061064402262,0.0532300313313809,19.3070804595947,0.209731688468804,0.837655662917551,0.964419534424444,-5.26565448366045
"NDUFV1","NADH dehydrogenase [ubiquinone] flavoprotein 1, mitochondrial",22.3503297170003,22.2741998036702,22.0595556894938,22.2443885803223,22.2918338775635,22.2076746622721,22.4205780029297,22.2216644287109,22.1682885487874,22.323392868042,0.0242581685384132,22.2561906178792,0.20686010382081,0.839843943946952,0.964603370402839,-5.2661393591681
"HNRNPM","Heterogeneous nuclear ribonucleoprotein M",19.0542786916097,18.1378815968831,19.2799472808838,18.7784322102865,19.5246982574463,18.6982339223226,19.0490341186523,19.3839079538981,19.1194814046224,18.7684834798177,0.0487805684407558,18.9794378916423,0.195322382084213,0.848650263514381,0.966579700066098,-5.26802076666227
"METTL7A","Methyltransferase-like protein 7A",20.3001149495443,21.0692933400472,20.5691687266032,20.8675886789958,20.6090443929036,20.8538875579834,20.3446559906006,20.6699689229329,20.804282506307,20.9105002085368,0.0336170196533218,20.6998505274455,0.193063270404807,0.850377124522141,0.966579700066098,-5.26837662286765
"MDH2","Malate dehydrogenase, mitochondrial",26.2776654561361,26.193941116333,26.1645304361979,26.3469721476237,26.1117483774821,26.2525533040365,26.0071754455566,26.0983874003092,26.4567705790202,26.4053535461426,0.0250765482584631,26.2315097808838,0.191857307771314,0.85129929575192,0.966579700066098,-5.26856490592223
"PHB","Prohibitin",23.5146045684814,23.4746170043945,23.5349356333415,23.3686389923096,23.5989888509115,23.0609213511149,23.5360094706217,23.4576975504557,23.9044246673584,23.6859410603841,0.0306418100992838,23.5136779149373,0.191825857918719,0.851323347820279,0.966579700066098,-5.26856980043182
"ACOT9","Acyl-coenzyme A thioesterase 9, mitochondrial",17.8305880228678,19.0844599405924,18.3692932128906,18.8052730560303,18.3860861460368,18.4324410756429,18.5092620849609,18.4805475870768,18.5521170298258,18.6992270151774,0.0395788828531879,18.5149295171102,0.187206839165913,0.854857557097982,0.966579700066098,-5.2692800108722
"PACSIN1","Protein kinase C and casein kinase substrate in neurons protein 1",23.0090192159017,23.1430905659993,23.2545166015625,22.9369932810466,23.5012130737305,22.9818846384684,23.4774475097656,23.2777926127116,22.9140173594157,23.3401590983073,0.0292936960856131,23.1836133956909,0.182003065771859,0.858843161467773,0.966579700066098,-5.27005955658627
"SIAE","Sialate O-acetylesterase",26.0420913696289,25.9746685028076,25.7654399871826,25.928835550944,25.7178109486898,25.8044961293538,25.6747271219889,25.7492866516113,26.1931037902832,26.1362088521322,0.0257952372233051,25.8986668904622,0.176858550546839,0.862787413061434,0.968851838355948,-5.27080878265858
"GLO1","Lactoylglutathione lyase",22.226131439209,22.0495370229085,21.9176902770996,22.1018339792887,21.6008078257243,22.1354840596517,21.9020048777262,21.9314924875895,21.9986947377523,22.0463441212972,0.0236039479573546,21.9910020828247,0.167248489714051,0.870165722220556,0.968851838355948,-5.2721511962888
"NDUFA6","NADH dehydrogenase [ubiquinone] 1 alpha subcomplex subunit 6",19.1100260416667,18.1375548044841,19.4456685384115,18.4687690734863,19.0442860921224,18.0154717763265,19.6046396891276,18.3791688283284,18.9651107788086,19.5237185160319,0.0563610076904329,18.8694414138794,0.162693032056717,0.873667813188134,0.968851838355948,-5.27276150920886
"OAT","Ornithine aminotransferase, mitochondrial;Ornithine aminotransferase, hepatic form;Ornithine aminotransferase, renal form",21.9251829783122,21.852414449056,21.8480936686198,22.211971282959,21.8856601715088,21.9331506093343,21.6407057444255,21.8040809631348,22.3424040476481,22.130007425944,0.0254052480061881,21.9573671340942,0.161812799890415,0.874344835430848,0.968851838355948,-5.27287750622083
"GLOD4","Glyoxalase domain-containing protein 4",20.7900117238363,20.7520605723063,20.7662461598714,20.5943075815837,20.3532587687174,20.8436037699382,20.8967761993408,20.1478080749512,20.7345136006673,20.7691186269124,0.0271870930989584,20.6647705078125,0.16100500896111,0.874966232439335,0.968851838355948,-5.27298340642639
"PGLS","6-phosphogluconolactonase",19.6523221333822,19.935759862264,19.8532257080078,19.7116565704346,19.9197788238525,20.0171222686768,20.0057048797607,20.2728068033854,20.2768427530924,18.715518951416,0.043050511678061,19.8360738754272,0.158563397484012,0.876844986038244,0.968851838355948,-5.27330029461455
"FIS1","Mitochondrial fission 1 protein",17.9004522959391,18.8747011820475,18.685599009196,18.6423015594482,19.2281869252523,18.1827932993571,18.9716421763102,18.943702061971,18.6176738739014,18.8082173665365,0.0385575612386062,18.6855269749959,0.15815100408929,0.877162389931095,0.968851838355948,-5.27335334240705
"BIN1","Myc box-dependent-interacting protein 1",21.2581952412923,21.2685451507568,20.9162317911784,21.3290939331055,21.1945152282715,21.267635345459,21.3607063293457,20.4784851074219,21.4652036031087,21.5499922434489,0.0310882568359359,21.2088603973389,0.153879975068769,0.880450955598819,0.969107475433422,-5.27389466184361
"VCP","Transitional endoplasmic reticulum ATPase",23.0516471862793,22.8297678629557,23.3107668558757,23.2398866017659,23.237522761027,23.3364365895589,22.7531770070394,23.1684729258219,23.1915372212728,23.3340384165446,0.0228141784667952,23.1453253428141,0.146844538081526,0.885873129108052,0.970381737047599,-5.27475420393959
"RPL9","60S ribosomal protein L9",20.6155395507812,20.697359085083,20.951150894165,20.9880313873291,21.0081615447998,20.5359802246094,20.9240417480469,20.901039759318,21.0638771057129,20.938424428304,0.0206241607666007,20.8623605728149,0.142642982001361,0.889114170930997,0.970381737047599,-5.27524843301287
"IDH3B","Isocitrate dehydrogenase [NAD] subunit beta, mitochondrial",20.6451517740885,21.0070877075195,20.3754514058431,20.8142833709717,20.6003526051839,21.1642621358236,20.5811436971029,20.6850986480713,20.3162905375163,20.8233598073324,0.0255655924479158,20.7012481689453,0.141618242853925,0.889904968189759,0.970381737047599,-5.27536680689698
"AARS","Alanine--tRNA ligase, cytoplasmic",21.7502721150716,21.3006509145101,21.7423884073893,21.1957410176595,21.5542157491048,21.6870606740316,21.6164264678955,21.847780863444,21.3430525461833,21.1672007242839,0.0236506144205727,21.5204789479574,0.135588921241865,0.894560330192166,0.972259284585999,-5.27604608183182
"USP14","Ubiquitin carboxyl-terminal hydrolase 14",21.1621793111165,20.614917755127,21.0421822865804,20.864678700765,20.9374726613363,20.9193007151286,21.3024291992188,21.0449899037679,20.8415184020996,20.612522761027,0.0198660532633482,20.9342191696167,0.123445861067999,0.90394861996182,0.975123820525603,-5.27732480373746
"RAB10","Ras-related protein Rab-10",17.8455924987793,19.8250891367594,20.0011177062988,19.9676863352458,19.1016400655111,18.7190183003743,19.1042442321777,19.7543080647786,20.0574862162272,19.3527793884277,0.0493420918782543,19.372896194458,0.119469782023178,0.907026089693262,0.975123820525603,-5.27771753945431
"ARPC4","Actin-related protein 2/3 complex subunit 4",21.5608412424723,20.9162565867106,21.1281051635742,20.9427814483643,21.0861562093099,21.3431402842204,20.9860769907633,21.1435769399007,21.2595678965251,20.9932187398275,0.0182880401611346,21.1359721501668,0.118732647180782,0.907596805590745,0.975123820525603,-5.27778894152524
"SRPK2","SRSF protein kinase 2;SRSF protein kinase 2 N-terminal;SRSF protein kinase 2 C-terminal",20.0890566507975,18.3239917755127,20.2434571584066,20.0464979807536,20.036231358846,19.7693557739258,19.7946796417236,19.5312328338623,20.259236017863,19.5811653137207,0.0392869313557935,19.7674904505412,0.116274545772469,0.909500345747855,0.975123820525603,-5.27802385988714
"RPS28","40S ribosomal protein S28",20.0814476013184,20.0877405802409,19.9262911478678,20.5395908355713,18.8593591054281,19.4055595397949,20.1831111907959,20.3760185241699,20.1243000030518,19.5710144042969,0.0331148783365857,19.9154432932536,0.109365937051525,0.914853465385968,0.975365073522483,-5.27865786918401
"NDUFA5","NADH dehydrogenase [ubiquinone] 1 alpha subcomplex subunit 5",19.7892710367839,20.0949363708496,20.1230125427246,20.3035577138265,20.490670522054,20.1559104919434,19.2131849924723,20.270414352417,20.8936977386475,20.4123643239339,0.0288247426350887,20.1747020085653,0.105772921469188,0.917639263426667,0.977239573929183,-5.27897229827725
"RAB3A","Ras-related protein Rab-3A",23.0079936981201,22.1281445821126,22.6346925099691,22.6149520874023,22.5668468475342,22.721004486084,22.7724431355794,22.5093224843343,22.3873666127523,22.6484355926514,0.0171885172526036,22.599120203654,0.102537446487203,0.920148834398041,0.978461430852169,-5.27924647394786
"RPS18","40S ribosomal protein S18",17.9931926727295,18.903574625651,19.3714345296224,19.6021684010824,18.9890092213949,19.2127494812012,18.100830078125,18.8184394836426,19.5278549194336,19.3580856323242,0.0317160288492848,18.9877339045207,0.0950643090309534,0.925948732930278,0.981691466016382,-5.27984726866306
"IDH3G","Isocitrate dehydrogenase [NAD] subunit gamma, mitochondrial",20.9654407501221,21.5291016896566,20.9231484731038,21.41446240743,21.6407839457194,20.6609236399333,21.4656143188477,21.1754105885824,21.6217956542969,21.652458190918,0.0206530253092433,21.304913965861,0.0919921422792874,0.92833436159945,0.983124696972246,-5.28008109840373
"NHLRC3","NHL repeat-containing protein 3",18.6142431894938,19.4337959289551,19.4079672495524,19.023624420166,19.2109610239665,17.8651205698649,19.4017785390218,18.9040540059408,19.7135028839111,19.9624538421631,0.0312636057535793,19.1537501653035,0.0883222143625572,0.931185129829284,0.985046783612513,-5.28035037599505
"RAB1B;RAB1C","Ras-related protein Rab-1B;Putative Ras-related protein Rab-1C",21.5039075215658,21.6122849782308,22.2324549357096,22.1599750518799,22.3739566802979,21.9026476542155,22.1216824849447,21.8047828674316,21.9691664377848,22.1661383310954,0.0163677215576196,21.9846996943156,0.0865969145399861,0.932525678056263,0.985368799812785,-5.28047318712154
"HADHB","Trifunctional enzyme subunit beta, mitochondrial;3-ketoacyl-CoA thiolase",21.3380667368571,22.045783996582,22.0628318786621,22.0222365061442,21.8785648345947,22.1541652679443,21.6057332356771,21.7659155527751,22.1734790802002,21.724417368571,0.0152453104654962,21.8771194458008,0.0830205173242053,0.935305208238005,0.985439003391971,-5.28072006045441
"GNB1","Guanine nucleotide-binding protein G(I)/G(S)/G(T) subunit beta-1",24.7092202504476,24.9913635253906,24.4962787628174,25.0047073364258,24.9007218678792,24.8230724334717,24.9578615824382,24.6365877787272,24.8323904673258,24.9098536173503,0.0114948272705089,24.8262057622274,0.0826043376626955,0.935628716864704,0.985439003391971,-5.28074811354799
"DIRAS2","GTP-binding protein Di-Ras2",18.0805225372314,18.1099987030029,17.9288857777913,17.5727316538493,18.5390446980794,18.3741830190023,17.9515082041423,18.0420481363932,18.2192001342773,17.7222016652425,0.01559155782064,18.0540324529012,0.0811787354098032,0.936736970627068,0.985439003391971,-5.28084314101405
"SYT1","Synaptotagmin-1",20.8305269877116,19.8974208831787,20.1403865814209,19.9508635203044,20.537940343221,20.4420356750488,20.0772558848063,20.4372723897298,20.4347877502441,20.0448665618896,0.0158159891764371,20.2793356577555,0.0793874823695481,0.938129676600915,0.985813615964055,-5.28096020021802
"YWHAB","14-3-3 protein beta/alpha;14-3-3 protein beta/alpha, N-terminally processed",21.9031467437744,22.5578943888346,22.2079607645671,22.5480620066325,22.3755378723145,22.6932220458984,22.383534749349,22.4118537902832,22.1529699961344,22.0180803934733,0.013411839803061,22.3252262751261,0.0763446785009325,0.940495959847466,0.987209335336578,-5.28115307047518
"PPP2CA;PPP2CB","Serine/threonine-protein phosphatase 2A catalytic subunit alpha isoform;Serine/threonine-protein phosphatase 2A catalytic subunit beta isoform",21.5227699279785,21.2966715494792,21.5541114807129,21.4825089772542,21.6505285898844,21.5835456848145,21.45232518514,21.6377932230632,21.4465999603271,21.4287484486898,0.00848439534505101,21.5055603027344,0.0711703389704899,0.944521226580526,0.988352100532645,-5.28146376548164
"ATP6V1H","V-type proton ATPase subunit H",19.4577229817708,20.6055221557617,20.667875289917,20.6261819203695,20.3581409454346,20.2748889923096,20.4392967224121,20.4401982625326,20.1857115427653,20.4518305460612,0.01529655456543,20.3507369359334,0.0685280612767561,0.946577360127305,0.988352100532645,-5.28161402451212
"PAFAH1B1","Platelet-activating factor acetylhydrolase IB subunit alpha",22.184455871582,21.8921197255452,22.257152557373,22.1401697794596,22.3217900594076,22.6393000284831,22.4116617838542,22.03768603007,21.9117113749186,21.8548221588135,0.011898676554363,22.1650869369507,0.0676352491414261,0.947272209587128,0.988352100532645,-5.28166351284529
"LETM1","LETM1 and EF-hand domain-containing protein 1, mitochondrial",19.8445854187012,17.863037109375,19.5169061024984,19.4686857859294,19.5007877349854,19.5873724619548,19.4365501403809,19.026668548584,19.3452326456706,18.9079055786133,0.0219454447428394,19.2497731526693,0.0661055503482964,0.94846283512183,0.988352100532645,-5.2817467966241
"TUBB","Tubulin beta chain",23.8893909454346,23.6272525787354,24.1902014414469,23.7276458740234,24.320192972819,24.2142276763916,24.0087871551514,24.4077847798665,23.4770170847575,23.7136084238688,0.0133482615152977,23.9576108932495,0.0641959352396153,0.949949348353164,0.988352100532645,-5.28184809368254
"DYNLL1","Dynein light chain 1, cytoplasmic",18.2948900858561,19.216360727946,19.6493708292643,19.4513835906982,19.1402950286865,19.2708168029785,18.903512318929,19.4687900543213,19.1137866973877,19.0681037902832,0.0145418802897141,19.1577309926351,0.0616461661741922,0.95193448893397,0.988352100532645,-5.28197872349654
"SDHB","Succinate dehydrogenase [ubiquinone] iron-sulfur subunit, mitochondrial",18.7818743387858,20.0092678070068,20.0119743347168,19.8370558420817,19.2314325968424,19.444995880127,19.5266895294189,19.9385604858398,19.5821698506673,19.4511998494466,0.0144021352132122,19.5815220514933,0.0591539416919609,0.953875156353682,0.988352100532645,-5.28210129376159
"HADHA","Trifunctional enzyme subunit alpha, mitochondrial;Long-chain enoyl-CoA hydratase;Long chain 3-hydroxyacyl-CoA dehydrogenase",22.407652537028,22.330499013265,21.993782043457,22.4158719380697,22.5410639444987,21.950532913208,22.1802304585775,22.4806378682454,22.8220361073812,22.3078168233236,0.0104769388834637,22.3430123647054,0.0585397876588143,0.954353439620393,0.988352100532645,-5.28213072241366
"SLC1A2","Excitatory amino acid transporter 2",21.0407428741455,20.3394877115885,21.4004999796549,21.423152923584,21.1657695770264,21.8326422373454,19.751407623291,21.0027770996094,21.64084815979,21.2448120117188,0.0205668131510454,21.0842140197754,0.0561148693581587,0.956242068542656,0.988352100532645,-5.28224391997741
"DNAJA1","DnaJ homolog subfamily A member 1",19.3845653533936,19.9338486989339,20.2403259277344,20.4272346496582,18.7093811035156,18.49334081014,20.2905909220378,20.1888847351074,19.8713912963867,19.951670328776,0.0201044718424512,19.7491233825684,0.0508594230665427,0.960336177124241,0.988352100532645,-5.28247282628403
"RPL14","60S ribosomal protein L14",19.7543888092041,19.6026020050049,19.918478012085,20.2781060536702,20.1777826944987,20.2807559967041,19.7736256917318,19.4056186676025,19.9758936564128,20.3449382781982,0.00989494323730464,19.9512189865112,0.047601697709192,0.962874623418785,0.988352100532645,-5.28260343419467
"KPNB1","Importin subunit beta-1",18.878989537557,19.5530026753743,20.1603444417318,20.0841585795085,20.5601043701172,19.158712387085,20.1465651194255,20.2754185994466,19.7033411661784,20.0263379414876,0.0147551218668627,19.8546974817912,0.04676503576958,0.963526627642001,0.988352100532645,-5.28263558330133
"STX7","Syntaxin-7",21.3067321777344,20.7287864685059,21.7446492513021,21.0527547200521,22.131165822347,21.5930773417155,22.0529155731201,21.4692618052165,20.9229246775309,20.98903465271,0.0126251220703186,21.3991302490234,0.0431348158905915,0.966355945610666,0.988352100532645,-5.28276847619323
"PDHA1","Pyruvate dehydrogenase E1 component subunit alpha, somatic form, mitochondrial",21.8751786549886,21.630490620931,21.90349706014,21.7198441823324,22.319190343221,21.8237857818604,21.8580023447673,22.0779965718587,21.9507592519124,21.7660566965739,0.00567995707194526,21.8924801508586,0.0376921760414462,0.970598717740485,0.988352100532645,-5.28294761699945
"FAM49B","Protein FAM49B",21.5305322011312,21.8499946594238,21.4122403462728,21.6225649515788,21.5239696502686,21.298318862915,21.6229915618896,21.4624347686768,21.6390183766683,21.9445056915283,0.005593490600586,21.5906571070353,0.0371765119889502,0.971000751395111,0.988352100532645,-5.28296333897971
"CADM4","Cell adhesion molecule 4",22.0248794555664,21.8292484283447,21.9935220082601,21.384204864502,21.2462228139242,21.6078847249349,21.7768955230713,21.3260650634766,21.8430519104004,21.9573281606038,0.00662956237792986,21.6989302953084,0.0342111116262446,0.973312863205725,0.988352100532645,-5.2830495479634
"NEFM","Neurofilament medium polypeptide",25.6489264170329,25.5564664204915,25.4648621877034,25.5878518422445,24.8239014943441,26.1420364379883,25.3411115010579,24.9534447987874,25.4745750427246,25.2095438639323,0.00774065653483042,25.4202720006307,0.0329298886738028,0.974311908410448,0.988352100532645,-5.2830845800522
"YWHAE","14-3-3 protein epsilon",26.0125897725423,25.7665869394938,25.8573366800944,25.7624524434408,25.7627232869466,26.2094682057699,25.9715805053711,26.0788688659668,25.4491055806478,25.4793904622396,0.0053448994954408,25.8350102742513,0.0309180104744119,0.975880780652107,0.988352100532645,-5.28313689274026
"ACBD7","Acyl-CoA-binding domain-containing protein 7",21.2477436065674,19.2880198160807,20.8504842122396,20.8609689076742,19.2378718058268,21.2397613525391,18.5789903004964,19.602466583252,21.0377909342448,21.1034278869629,0.0154697418212901,20.3047525405884,0.0265401150986901,0.979295042453976,0.990754878057161,-5.28323933633966
"STX12","Syntaxin-12",20.1360117594401,21.3288116455078,21.6798604329427,21.2698675791423,21.8232256571452,21.349822362264,21.380168279012,21.316032409668,21.1220035552979,21.0996049245199,0.00597089131672965,21.250540860494,0.0216420323704814,0.98311550036788,0.991455822746399,-5.28333545155463
"WDR1","WD repeat-containing protein 1",19.2388534545898,19.2343622843424,19.3982899983724,19.407953898112,19.6639785766602,19.1616916656494,19.613618850708,20.0688775380452,19.2081133524577,18.9121831258138,0.00420926411946511,19.3907922744751,0.0199688343648755,0.984420685024096,0.991720414679995,-5.28336380732289
"SCCPDH","Saccharopine dehydrogenase-like oxidoreductase",21.4774322509766,21.1281973520915,21.2513434092204,21.1250267028809,21.0188566843669,20.7660433451335,21.4138590494792,21.246587117513,21.3935076395671,21.1938692728678,0.00260200500488224,21.2014722824097,0.0165475771873801,0.987089593673069,0.993356829188454,-5.28341468952188
"PCBP1","Poly(rC)-binding protein 1",21.7653579711914,21.060671488444,21.327444712321,21.1630986531576,21.9581356048584,21.8465595245361,21.5428021748861,21.6298478444417,21.2545299530029,21.0172030131022,0.00324681599935104,21.4565650939941,0.0149121493197198,0.988365444474009,0.993589363313724,-5.28343564428186
"ATP2B2","Plasma membrane calcium-transporting ATPase 2",21.3675549825033,21.0727608998617,20.9036356608073,20.8438218434652,20.7180976867676,21.1057345072428,20.880531946818,20.5984624226888,21.3692328135173,20.960542678833,0.00172665913899779,20.9820375442505,0.00979033088528609,0.992361344907386,0.995501728910258,-5.28348717490907
"RAN","GTP-binding nuclear protein Ran",20.3707307179769,22.1730511983236,21.8150927225749,21.8288962046305,21.7839482625326,21.1009623209635,21.8436832427979,22.040963490804,21.4361839294434,21.5584831237793,0.00171140034993542,21.5951995213826,0.00540657996096462,0.995781603332662,0.996829794494065,-5.28351430845675
"NAPB","Beta-soluble NSF attachment protein",23.5750726064046,23.5069700876872,23.9756781260173,23.6763178507487,24.0252183278402,23.7189712524414,23.8488553365072,23.9905567169189,23.6469612121582,23.551342010498,-0.000514094034831657,23.7515943527222,-0.00341190348925849,0.997337908920843,0.997337908920843,-5.28352147275761
"HNRNPL","Heterogeneous nuclear ribonucleoprotein L",18.2657101949056,18.5302696228027,18.4327481587728,18.3425591786702,18.6718514760335,18.7765452067057,18.6559054056803,18.514139175415,18.004430770874,18.2860101064046,-0.00122159322102987,18.4480169296265,-0.00733929008357799,0.994273663100199,0.996369076510316,-5.28350427518385
"HEPACAM","Hepatocyte cell adhesion molecule",21.2258358001709,21.6255359649658,20.2306582132975,20.7270240783691,19.0047314961751,19.8583113352458,20.2668933868408,20.4953263600667,21.6858692169189,20.4769878387451,-0.00607948303222869,20.5597173690796,-0.0128120368581449,0.990003860137609,0.994185502630271,-5.28345935803991
"GOT1","Aspartate aminotransferase, cytoplasmic",24.8585923512777,25.306422551473,25.1988334655762,25.3875357309977,25.0167020161947,24.8722546895345,25.1621328989665,25.1023915608724,25.3122526804606,25.3018519083659,-0.0034404754638639,25.1518969853719,-0.0233090170263276,0.981815213661189,0.99119561379171,-5.2833049336133
"HIBCH","3-hydroxyisobutyryl-CoA hydrolase, mitochondrial",18.9123026529948,19.5956916809082,19.0172634124756,19.5983810424805,17.8506609598796,18.0294373830159,19.1402670542399,19.1275482177734,19.4519640604655,19.1820081075033,-0.00861498514811259,18.9905524571737,-0.0241573818078476,0.981153490337134,0.99119561379171,-5.28328853338455
"AKR1B1","Aldose reductase",22.3130435943604,23.0868142445882,22.6887493133545,22.9924755096436,22.8594875335693,22.1834468841553,22.6461067199707,23.0152721405029,23.0046221415202,23.0580476125081,-0.00661493937174691,22.7848065694173,-0.0316157406746516,0.975336674910691,0.988352100532645,-5.28311912374758
"GARS","Glycine--tRNA ligase",18.9627641042074,19.2064336140951,19.7420393625895,19.7254206339518,19.7536493937174,18.9734605153402,19.5317541758219,19.7309099833171,19.6288674672445,19.4927113850911,-0.00652071634928579,19.4748010635376,-0.0316649023439057,0.97529833802236,0.988352100532645,-5.2831178568043
"NSFL1C","NSFL1 cofactor p47",20.2395979563395,20.0036951700846,19.905024210612,19.7779649098714,20.4841022491455,20.3441073099772,20.1778723398844,20.5226014455159,19.30557568868,20.0222638448079,-0.00759277343750263,20.0782805124919,-0.0328854749468064,0.974346541250294,0.988352100532645,-5.28308577047213
"COX6B1","Cytochrome c oxidase subunit 6B1",22.4162127176921,21.7923781077067,21.7289536794027,21.5811252593994,21.9826819101969,22.1949914296468,22.0752099355062,21.9155394236247,21.4914868672689,21.7928085327148,-0.0062630971272801,21.8971387863159,-0.0330016743188431,0.974255931672341,0.988352100532645,-5.28308265258732
"FASN","Fatty acid synthase;[Acyl-carrier-protein] S-acetyltransferase;[Acyl-carrier-protein] S-malonyltransferase;3-oxoacyl-[acyl-carrier-protein] synthase;3-oxoacyl-[acyl-carrier-protein] reductase;3-hydroxyacyl-[acyl-carrier-protein] dehydratase;Enoyl-[acyl-carrier-protein] reductase;Oleoyl-[acyl-carrier-protein] hydrolase",18.8898455301921,18.946683883667,20.2172362009684,20.0230083465576,19.7211786905924,18.9577465057373,19.9325675964355,20.031010945638,19.2252966562907,19.5997085571289,-0.0103244781494139,19.5544282913208,-0.0336505949961457,0.973749925361248,0.988352100532645,-5.28306503847018
"RAB14","Ras-related protein Rab-14",22.6928634643555,22.7856426239014,23.0905297597249,22.8121655782064,22.9654064178467,22.8599669138591,23.0092067718506,22.8688386281331,22.8676166534424,22.7149677276611,-0.00520222981770564,22.8667204538981,-0.0416158253615368,0.967539960849117,0.988352100532645,-5.28282089884555
"ADD2","Beta-adducin",18.658483505249,19.7169647216797,19.6851603190104,20.1986554463704,18.9134769439697,19.8456268310547,19.2371559143066,18.3887564341227,19.9427649180094,19.6720708211263,-0.0172732035319006,19.4259115854899,-0.0487187290527729,0.962004173652455,0.988352100532645,-5.28255962359596
"PPP3CA","Serine/threonine-protein phosphatase 2B catalytic subunit alpha isoform",23.2398338317871,23.5884037017822,23.2073383331299,23.2122853597005,23.0687363942464,22.1864624023438,23.505869547526,23.1488513946533,23.7597103118896,23.6468989054362,-0.0137610117594382,23.2564390182495,-0.0505627356067934,0.960567339903627,0.988352100532645,-5.28248507851568
"PIP4K2A","Phosphatidylinositol 5-phosphate 4-kinase type-2 alpha",19.7452875773112,19.5137901306152,19.9360822041829,19.9992256164551,19.8432629903158,20.1802298227946,19.8829332987467,19.1009356180827,19.950475692749,19.8720842997233,-0.010197957356772,19.8024307250977,-0.0512311392703608,0.960046561381355,0.988352100532645,-5.28245737450137
"CYCS","Cytochrome c",21.2572491963704,21.6041984558105,21.2609583536784,21.2040011088053,19.9762795766195,21.4628829956055,21.5080998738607,21.4080944061279,19.6162071228027,21.2032413482666,-0.0208321889241573,21.0501212437948,-0.0521638585644095,0.959319877097791,0.988352100532645,-5.28241810741137
"PALM","Paralemmin-1",22.5012054443359,22.2387269337972,22.2740707397461,22.095578511556,21.9746233622233,22.3806069691976,21.8085454305013,21.8251088460286,22.6236190795898,22.3941173553467,-0.0104414621988912,22.2116202672323,-0.0553126447599279,0.956866937205708,0.988352100532645,-5.28228031530511
"RAB2A","Ras-related protein Rab-2A",23.3546435038249,23.1414254506429,23.8986307779948,23.5230197906494,24.015391031901,23.9000746409098,23.7498041788737,23.7918421427409,23.2929757436117,23.1356906890869,-0.0125446319580101,23.5803497950236,-0.0584343792038554,0.954435530199293,0.988352100532645,-5.282135742454
"ALDOA","Fructose-bisphosphate aldolase A",26.1248315175374,26.2682151794434,26.3238169352214,26.4201653798421,26.2300554911296,26.1953671773275,26.3104394276937,26.2923488616943,26.3670558929443,26.1661027272542,-0.00715408325195365,26.2698398590088,-0.0622083931827696,0.95149673345515,0.988352100532645,-5.28195037400197
"HSPH1","Heat shock protein 105 kDa",21.8326683044434,22.0888290405273,21.9905204772949,22.2601451873779,22.0362504323324,22.1134471893311,22.0807628631592,22.1161721547445,21.8903071085612,21.9675470987956,-0.00803540547688708,22.0376649856567,-0.0647512836575312,0.949517024397879,0.988352100532645,-5.28181894066867
"FN3K","Fructosamine-3-kinase",19.9308121999105,18.9434534708659,19.5859724680583,19.3362986246745,19.181926091512,19.9174296061198,19.1496410369873,19.4628264109294,18.9410928090413,19.427547454834,-0.0159851074218738,19.3877000172933,-0.0710377847118335,0.944624366040153,0.988352100532645,-5.28147143874762
"ACTR1A","Alpha-centractin",22.0205980936686,22.0448532104492,22.6497440338135,22.1671962738037,22.7216962178548,22.3759670257568,22.5682061513265,22.6815236409505,21.9319279988607,21.9610786437988,-0.0170768737792967,22.3122791290283,-0.0814923754371287,0.936493136875331,0.985439003391971,-5.28082237619655
"TPI1","Triosephosphate isomerase",26.4814319610596,26.502113978068,26.5356686909993,26.6200707753499,26.3403256734212,26.4563293457031,26.4854469299316,26.5609092712402,26.2748845418294,26.6443316141764,-0.0115418752034515,26.4901512781779,-0.095137100937508,0.925892216956381,0.981691466016382,-5.27984163533853
"APMAP","Adipocyte plasma membrane-associated protein",21.1621500651042,21.8003902435303,21.9047056833903,21.5988330841064,21.965353012085,21.3736317952474,21.2785491943359,21.7169361114502,22.0429916381836,21.9158522288005,-0.0206942240397125,21.6759393056234,-0.101640953276324,0.920844353956563,0.978461430852169,-5.27932093988237
"ARSA","Arylsulfatase A;Arylsulfatase A component B;Arylsulfatase A component C",20.1321252187093,19.7013575236003,20.2349173227946,20.3483606974284,20.127597173055,20.6743507385254,19.071231842041,19.6318524678548,20.3288008371989,20.6719239552816,-0.0332396189371739,20.0922517776489,-0.110677363062125,0.913836962941884,0.975365073522483,-5.27854049546442
"ATP6V1E1","V-type proton ATPase subunit E 1",21.4959576924642,20.5643984476725,20.3340657552083,20.3154004414876,20.0957813262939,20.8762652079264,20.687344233195,20.3381226857503,20.2466411590576,20.5165328979492,-0.0281394958496086,20.5470509847005,-0.112133911617799,0.912708162511436,0.975264564661096,-5.2784084978346
"RPS29","40S ribosomal protein S29",19.87034034729,19.2778460184733,19.3122831980387,19.4528935750326,20.1169083913167,19.3116874694824,19.5144017537435,20.0904407501221,19.3326880137126,19.6617603302002,-0.0238586425781257,19.5941249847412,-0.112908607228011,0.912107868122855,0.975264564661096,-5.27833759109169
"HADH","Hydroxyacyl-coenzyme A dehydrogenase, mitochondrial",18.9407367706299,20.8843828837077,20.8381805419922,20.8285051981608,20.3104521433512,19.008492787679,20.6539166768392,20.4520905812581,20.7456874847412,20.6951605478923,-0.049381891886393,20.3357605616252,-0.11436214150209,0.910981711254734,0.975264564661096,-5.27820323777308
"GLG1","Golgi apparatus protein 1",18.1986026763916,17.6732470194499,19.696507136027,19.4962139129639,20.0525773366292,19.04762840271,18.394095102946,19.0757726033529,18.7724761962891,19.5724232991536,-0.0509504954020228,18.9979543685913,-0.117105162242185,0.908857054084387,0.975123820525603,-5.27794502671835
"AKR7A2;AKR7L","Aflatoxin B1 aldehyde reductase member 2;Aflatoxin B1 aldehyde reductase member 4",19.9820048014323,19.9670015970866,19.9053465525309,20.285093943278,19.8955421447754,19.5037930806478,19.4736646016439,20.252690633138,20.1732489267985,20.5065803527832,-0.0250022888183588,19.9944966634115,-0.117314498815057,0.908694938872956,0.975123820525603,-5.27792507048446
"PDCD6IP","Programmed cell death 6-interacting protein",19.6840343475342,19.5515880584717,19.8143590291341,19.7661533355713,19.9797178904216,19.82683690389,20.0645020802816,19.4689254760742,19.7637201944987,19.5831839243571,-0.0177368164062506,19.7503021240234,-0.120453413712017,0.906264612446274,0.975123820525603,-5.27762157455415
"VPS29","Vacuolar protein sorting-associated protein 29",20.2760632832845,19.9606660207113,19.9063351949056,20.1732025146484,20.4216086069743,20.3221124013265,20.115795135498,20.3536828358968,19.9096762339274,19.9424807230632,-0.0188256581624335,20.1381622950236,-0.123410953202858,0.903975631440121,0.975123820525603,-5.27732830750289
"PPP2R2A","Serine/threonine-protein phosphatase 2A 55 kDa regulatory subunit B alpha isoform",20.5534127553304,20.1072667439779,20.2273426055908,20.0216897328695,20.3095366160075,20.4560324350993,19.9374529520671,20.4397392272949,20.3051910400391,19.9813340504964,-0.0198997497558619,20.2338998158773,-0.124799352310323,0.902901395267542,0.975123820525603,-5.27718818994057
"ATP5J","ATP synthase-coupling factor 6, mitochondrial",22.2050278981527,22.4024206797282,22.3619238535563,22.2277819315592,22.4342060089111,22.3017075856527,22.5798193613688,22.2208925882975,22.1289068857829,22.3182118733724,-0.016364415486655,22.3180898666382,-0.128875205445908,0.899748992466725,0.97455727999528,-5.27676783095585
"LDHA","L-lactate dehydrogenase A chain",23.2629051208496,22.9843069712321,22.7235787709554,23.3340034484863,22.7607491811117,22.4751014709473,23.0619697570801,22.8743826548258,23.2762432098389,23.2523047129313,-0.0251083374023449,23.0005545298258,-0.12998694250491,0.898889447662998,0.97455727999528,-5.27665083701494
"GYG1","Glycogenin-1",20.5037485758464,18.9113877614339,18.608959197998,20.1520169576009,19.6017119089762,18.9746500651042,19.4074300130208,19.6483472188314,19.816109975179,19.7009506225586,-0.0460673014322906,19.5325312296549,-0.133815317504469,0.895930562181237,0.97263694592963,-5.27624029827219
"RAB5C","Ras-related protein Rab-5C",18.8760763804118,19.3624114990234,19.5297889709473,19.4886627197266,19.3897533416748,18.4459520975749,19.4705842336019,19.4224402109782,19.51327196757,19.6332079569499,-0.0322472890218074,19.3132149378459,-0.139147135438464,0.891812448138382,0.970381737047599,-5.2756487646793
"TMEM55A","Type 2 phosphatidylinositol 4,5-bisphosphate 4-phosphatase",18.857213973999,19.3408381144206,20.0293451944987,19.3290767669678,20.06081199646,19.6570281982422,20.5033537546794,20.2994302113851,18.1904633839925,18.6581465403239,-0.0617727915445955,19.4925708134969,-0.13992061598793,0.891215311145297,0.970381737047599,-5.27556104044525
"ACAT1","Acetyl-CoA acetyltransferase, mitochondrial",22.1382484436035,22.4980049133301,22.0823523203532,22.3886413574219,22.2966759999593,22.1843967437744,22.1758015950521,22.0395336151123,22.6466077168783,22.2499726613363,-0.0215221405029306,22.2700235366821,-0.144057067844188,0.888023119133089,0.970381737047599,-5.27508368827795
"VSNL1","Visinin-like protein 1",22.0447292327881,19.170373916626,20.7069409688314,20.317455291748,21.4367122650146,21.661169052124,20.419994354248,20.7522996266683,20.1577351888021,20.3346462249756,-0.0700734456380208,20.7002056121826,-0.144637353556634,0.887575463810286,0.970381737047599,-5.27501561536502
"ATP5H","ATP synthase subunit d, mitochondrial",23.1417306264242,23.7464179992676,23.499703725179,23.4904041290283,23.6898078918457,22.9427242279053,23.6736507415771,23.4786326090495,23.6355527242025,23.7048409779867,-0.0265326182047552,23.5003465652466,-0.146283728768192,0.886305607877123,0.970381737047599,-5.27482099765651
"DPYSL5","Dihydropyrimidinase-related protein 5",22.63356590271,23.0561847686768,22.6308046976725,22.6371784210205,22.3482513427734,21.8705984751383,22.7149543762207,22.3396498362223,22.9514738718669,23.2466087341309,-0.0365399678548169,22.6429270426432,-0.148006505828408,0.884977178996091,0.970381737047599,-5.27461500141666
"AMPH","Amphiphysin",19.7335815429688,20.0692717234294,20.2403004964193,20.1489022572835,20.2908350626628,20.3339373270671,20.272097269694,19.8966121673584,20.3970642089844,19.4320309956868,-0.0302298227945953,20.0814633051554,-0.149486351944994,0.883836367428744,0.970381737047599,-5.27443613680455
"OGDHL","2-oxoglutarate dehydrogenase-like, mitochondrial",18.744556427002,20.7934633890788,20.8071530659993,20.6668567657471,20.94801902771,19.2789001464844,20.5380020141602,20.8987483978271,20.7887401580811,20.1136080423991,-0.0684099833170572,20.3578047434489,-0.154748337273101,0.879782150013532,0.969107475433422,-5.27378579742686
"MBOAT7","Lysophospholipid acyltransferase 7",20.610076268514,19.8403956095378,19.7464224497477,20.1548182169596,20.1540584564209,20.1645704905192,19.500540415446,19.8487911224365,20.4978523254395,20.3205197652181,-0.034699376424155,20.0838045120239,-0.156066758424464,0.87876689961163,0.969107475433422,-5.27361934541163
"DHX15","Pre-mRNA-splicing factor ATP-dependent RNA helicase DHX15",19.7227567036947,18.3113574981689,19.7432435353597,19.5655218760173,18.800989151001,19.6199824015299,19.4081757863363,18.4560743967692,19.5003662109375,18.9038359324137,-0.0510868072509756,19.2032303492228,-0.158795537599476,0.876666326327077,0.968851838355948,-5.2732703730869
"LAMTOR1","Ragulator complex protein LAMTOR1",19.7783813476562,19.5969092051188,19.6347783406576,19.3407090504964,19.5491987864176,19.9516735076904,19.9892285664876,19.9861647288005,18.4954617818197,19.2577063242594,-0.0439483642578127,19.5580211639404,-0.158893457251055,0.876590967536193,0.968851838355948,-5.27325773875391
"TALDO1","Transaldolase",22.4858996073405,21.9315789540609,21.9690952301025,22.26442527771,21.7819576263428,22.1457436879476,21.7667026519775,21.9524122873942,22.2686157226562,22.1659189860026,-0.0267126719156888,22.0732350031535,-0.160342864679544,0.875475655617288,0.968851838355948,-5.27306981959341
"COX6C","Cytochrome c oxidase subunit 6C",22.6259905497233,21.7773564656576,21.6970564524333,21.3068135579427,22.1993509928385,20.7391484578451,22.3446006774902,21.8168652852376,22.3228041330973,22.1127484639486,-0.0540802001953135,21.8942735036214,-0.162619618873307,0.873724274223175,0.968851838355948,-5.27277120751093
"CASKIN1","Caskin-1",19.8065382639567,19.6023813883464,19.9480902353923,19.5846354166667,19.839142481486,19.4255256652832,20.5392557779948,19.4440174102783,19.6708984375,19.5268522898356,-0.0348476409912106,19.738733736674,-0.163596747016753,0.872972839018161,0.968851838355948,-5.27264176682802
"MAP6","Microtubule-associated protein 6",22.2282822926839,22.0407441457113,22.1019509633382,21.9588642120361,21.8602021535238,22.0939235687256,22.1315975189209,21.4570554097493,22.1293938954671,22.2413870493571,-0.02733726501465,22.0243401209513,-0.164929735945003,0.871947948935162,0.968851838355948,-5.27246394213861
"SYN1","Synapsin-1",23.7110182444255,24.2180112202962,24.2305666605632,24.1356290181478,23.750373840332,23.5109634399414,23.9986616770426,23.4453449249268,24.5225219726562,24.370138168335,-0.0395937601725286,23.9893229166667,-0.170225491768123,0.867878659123188,0.968851838355948,-5.27174330724046
"SYP","Synaptophysin",22.3324724833171,21.545742670695,21.1910292307536,21.6419734954834,21.4298337300618,20.8098595937093,21.6091995239258,21.6191762288411,22.0470918019613,21.8290271759033,-0.0453394571940136,21.6055405934652,-0.173662093299067,0.865240078780444,0.968851838355948,-5.27126355706211
"PFN1","Profilin-1",23.2055136362712,23.3289903004964,23.3398246765137,23.481253306071,23.6061941782633,23.4125423431396,23.4530709584554,23.488774617513,23.140453338623,23.3544985453288,-0.0224872589111338,23.3811115900675,-0.174351507956482,0.864710959652827,0.968851838355948,-5.27116616767295
"RPS7","40S ribosomal protein S7",18.4558073679606,17.9609870910645,17.7466862996419,18.3855539957682,18.0703678131104,18.7372461954753,17.3412481943766,17.7130095163981,18.163335164388,18.4280579884847,-0.0473011016845735,18.1002299626668,-0.182055748756195,0.858802790474598,0.966579700066098,-5.27005177374801
"GSR","Glutathione reductase, mitochondrial",19.9935073852539,20.7017498016357,20.4342403411865,20.3652165730794,20.2306658426921,19.2223129272461,20.4931608835856,20.358331044515,20.7300841013591,20.6712900797526,-0.0500401814778655,20.3200558980306,-0.182845617171117,0.85819756446994,0.966579700066098,-5.26993481873196
"MAPRE3","Microtubule-associated protein RP/EB family member 3",20.889476776123,21.3194974263509,21.9048385620117,21.5887934366862,21.6099236806234,21.3064854939779,21.4607461293538,21.6897576649984,21.547420501709,21.1266600290934,-0.0362920125325519,21.4443599700928,-0.185804074955897,0.855931533155915,0.966579700066098,-5.26949229724397
"GRHPR","Glyoxylate reductase/hydroxypyruvate reductase",21.6860459645589,21.6408036549886,21.2760601043701,21.4971942901611,21.4756164550781,21.470469156901,21.4891783396403,21.5557975769043,21.1843439737956,21.7442194620768,-0.0263423919677759,21.5019728978475,-0.185965342222464,0.855808049150721,0.966579700066098,-5.26946797256931
"CAMK2A","Calcium/calmodulin-dependent protein kinase type II subunit alpha",17.9744256337484,19.3294849395752,18.7897618611654,18.6673997243245,17.9704405466716,18.2880452473958,17.5263907114665,18.52858543396,19.245595296224,18.8230037689209,-0.0639784495035812,18.5143133163452,-0.186296560326196,0.85555444465951,0.966579700066098,-5.26941794776926
"CAPZA2","F-actin-capping protein subunit alpha-2",21.8639329274495,21.745646794637,21.9186897277832,21.9270896911621,22.0106875101725,21.5327752431234,21.9110412597656,21.8675028483073,21.9841817220052,22.0449263254801,-0.0251238505045571,21.8806474049886,-0.189520505102749,0.853086852082837,0.966579700066098,-5.26892641286758
"HPX","Hemopexin",19.7191467285156,20.0535882314046,19.4806130727132,18.3263282775879,19.9081707000732,18.5890096028646,21.1031030019124,17.6281929016113,19.9692014058431,19.6471271514893,-0.110242589314778,19.4424481074015,-0.191242804322403,0.851769281285749,0.966579700066098,-5.2686603963533
"CAND1","Cullin-associated NEDD8-dissociated protein 1",21.1321194966634,21.0125255584717,20.9807891845703,21.09259668986,20.8450094858805,21.416950861613,20.6949462890625,21.0101846059163,20.9544595082601,20.8408425649007,-0.0291313171386735,20.9980424245199,-0.192970695524771,0.850447906109556,0.966579700066098,-5.26839111774426
"KIF5C","Kinesin heavy chain isoform 5C",20.4949048360189,20.1384887695313,20.3369121551514,20.0097986857096,20.2240905761719,20.5001525878906,20.3970177968343,20.3146667480469,20.0344918568929,19.7940616607666,-0.0327608744303385,20.2244585673014,-0.197873848188204,0.846700922489951,0.966579700066098,-5.26761392339654
"RPL27","60S ribosomal protein L27",21.4884033203125,21.0553410847982,21.4264062245687,21.4491424560547,21.7001082102458,21.6369120279948,21.2206026713053,21.3282502492269,21.4482072194417,21.3357645670573,-0.0299329121907533,21.4089138031006,-0.202491176969852,0.843175970304536,0.966096804529655,-5.26686436469627
"PLCB1","1-phosphatidylinositol 4,5-bisphosphate phosphodiesterase beta-1",20.3217938741048,20.2583929697673,19.3223298390706,20.173708597819,20.2508850097656,19.8490219116211,19.8298180898031,19.8237209320068,20.2804400126139,20.3267504374186,-0.04347178141276,20.0436861673991,-0.204568546437625,0.8415912306589,0.965444222384336,-5.2665215454759
"PPIA","Peptidyl-prolyl cis-trans isomerase A;Peptidyl-prolyl cis-trans isomerase A, N-terminally processed",25.7377789815267,25.8489456176758,26.4423166910807,25.9414265950521,26.2290738423665,25.9362678527832,26.3788305918376,26.0866686503092,25.5610605875651,26.0417830149333,-0.0389862060546866,26.020415242513,-0.208277721608145,0.838763475729621,0.964527285875295,-5.2659008175658
"ACOT13","Acyl-coenzyme A thioesterase 13;Acyl-coenzyme A thioesterase 13, N-terminally processed",21.826629002889,19.5676186879476,21.737122853597,21.3622245788574,22.003475189209,21.9754034678141,20.4643885294596,22.0699825286865,20.7285512288411,20.7454312642415,-0.102662658691408,21.2480827331543,-0.211276711472644,0.836478873994321,0.964232011113454,-5.26539086339875
"HSD17B4","Peroxisomal multifunctional enzyme type 2;(3R)-hydroxyacyl-CoA dehydrogenase;Enoyl-CoA hydratase 2",21.8791364034017,21.3332576751709,21.3248221079508,21.5540669759115,21.483559290568,21.6827049255371,21.4356740315755,21.3884836832682,21.4567273457845,21.4596303304036,-0.0303244272867857,21.4998062769572,-0.216056345728657,0.832841048886544,0.961203686275611,-5.26456320933324
"DBNL","Drebrin-like protein",18.3187402089437,18.0262196858724,19.7029914855957,18.9444046020508,19.4765548706055,18.5047677357992,18.6959940592448,19.0867932637533,19.1167335510254,18.7259928385417,-0.067725880940758,18.8599192301432,-0.219530597531419,0.830199314793808,0.959805607843637,-5.26395010056963
"TXNL1","Thioredoxin-like protein 1",21.4012463887533,21.607847849528,21.9679164886475,21.6229864756266,21.7822170257568,21.7273152669271,21.6733767191569,21.8097985585531,21.272824605306,21.7270425160726,-0.0343713124593121,21.6592571894328,-0.224775481491243,0.826215385909254,0.959378305249939,-5.26300620004506
"GSTO1","Glutathione S-transferase omega-1",21.2983118693034,21.6712315877279,21.5830427805583,21.6304009755452,21.1159000396729,21.3002681732178,21.6444892883301,20.8010520935059,21.6332441965739,21.6918258666992,-0.0456015268961566,21.4369766871134,-0.230370713388801,0.821970953742652,0.955616597810834,-5.26197496243733
"TMED9","Transmembrane emp24 domain-containing protein 9",20.6027768452962,19.3705787658691,19.4595883687337,19.7006136576335,20.0753065745036,18.8883330027262,19.6258417765299,20.0130265553792,20.2747446695964,20.0537687937419,-0.0706298828124994,19.806457901001,-0.235640700072311,0.817978665539006,0.95492632052615,-5.26098076090064
"SOD1","Superoxide dismutase [Cu-Zn]",23.2524305979411,24.4284540812174,24.3861853281657,24.8739045461019,24.0049031575521,23.8214530944824,23.9480775197347,24.3270683288574,23.9356568654378,24.5817896525065,-0.0663664499918575,24.1559923171997,-0.23755062216199,0.816533120754937,0.95492632052615,-5.26061496462624
"ARPC3","Actin-related protein 2/3 complex subunit 3",19.4324061075846,19.4365603129069,19.2951698303223,19.3744748433431,19.0952390034993,19.6337903340658,19.0740985870361,19.5570157368978,18.8209311167399,19.3413543701172,-0.0413319905598961,19.3061040242513,-0.239390307379777,0.815141407529294,0.95492632052615,-5.26025986373586
"MYH10","Myosin-10",19.7070852915446,19.651439666748,19.3130334218343,19.5854784647624,18.9399108886719,19.6085014343262,18.9825712839762,19.1806373596191,19.6274356842041,19.5654226938883,-0.0464758555094395,19.4161516189575,-0.240608360887584,0.814220320972992,0.95492632052615,-5.26002326382081
"EPB41L2","Band 4.1-like protein 2",20.7303256988525,20.5695374806722,20.8016262054443,20.3229262034098,20.8436476389567,20.4346160888672,19.9257113138835,20.5082664489746,21.3485641479492,20.7665144602458,-0.0568781534830699,20.6251735687256,-0.24119671349862,0.813775516091343,0.95492632052615,-5.2599085551668
"NDUFA12","NADH dehydrogenase [ubiquinone] 1 alpha subcomplex subunit 12",21.2581799825033,20.9657719930013,20.9866307576497,20.8478933970133,21.0950075785319,21.0788065592448,21.10946337382,20.8584639231364,20.9561589558919,20.9976743062337,-0.0305833180745467,21.0154050827026,-0.246730969355342,0.809594891279016,0.95492632052615,-5.25881603500776
"SLC25A11","Mitochondrial 2-oxoglutarate/malate carrier protein",21.4615166982015,21.7768885294596,22.1687189737956,22.0045210520426,21.9785321553548,21.5587933858236,21.8644262949626,21.6648616790771,22.2128092447917,21.8725096384684,-0.0433554331461578,21.8563577651978,-0.250237939330793,0.806948887393565,0.95492632052615,-5.25811106881685
"GOT2","Aspartate aminotransferase, mitochondrial",23.8809763590495,24.3976300557454,24.3794848124186,24.5905221303304,24.2278830210368,24.048277537028,24.1541741689046,24.2296905517578,24.5239639282227,24.3188171386719,-0.0403146107991533,24.2751419703166,-0.253818047748574,0.804250294871925,0.95492632052615,-5.25738128207439
"AK3","GTP:AMP phosphotransferase AK3, mitochondrial",21.0248247782389,21.2081139882406,20.7173875172933,21.2111682891846,20.5100574493408,20.8210741678874,20.8393198649089,20.682315826416,20.9176953633626,21.1919015248617,-0.0438490549723281,20.9123858769735,-0.255436896951628,0.80303091819394,0.95492632052615,-5.25704793324906
"SPG11","Spatacsin",20.9650433858236,22.0928955078125,20.3192221323649,20.3752295176188,21.9517669677734,22.5930786132812,22.1419296264648,22.8374659220378,18.4468002319336,18.5081837972005,-0.235339864095054,21.0231615702311,-0.258952730110402,0.800384548658316,0.95492632052615,-5.25631677073549
"PRDX2","Peroxiredoxin-2",24.1542142232259,24.8027070363363,24.5380694071452,24.8252817789714,24.3097133636475,24.0820643107096,24.4354699452718,24.4490801493327,24.7137056986491,24.7151298522949,-0.0469071706136044,24.5025435765584,-0.258963015027716,0.800376811005713,0.95492632052615,-5.25631461741134
"UQCRB","Cytochrome b-c1 complex subunit 7",21.2252184549967,21.5853811899821,21.4578132629395,21.4533621470133,21.4737059275309,21.1596883138021,21.5266869862874,21.3922557830811,21.6337617238363,21.3094730377197,-0.0347230275472037,21.4217346827189,-0.259758839020162,0.799778156428927,0.95492632052615,-5.25614774254497
"RPL10A","60S ribosomal protein L10a",21.7541777292887,21.9686578114827,22.3181597391764,22.3231658935547,22.334187189738,22.0609404246012,21.9617869059245,22.2362270355225,22.2314732869466,22.0103193918864,-0.0395202636718762,22.1199095408122,-0.261194545620245,0.798698492618345,0.95492632052615,-5.25584541634454
"NACA","Nascent polypeptide-associated complex subunit alpha;Nascent polypeptide-associated complex subunit alpha, muscle-specific form",20.3564701080322,19.9079424540202,21.3538875579834,20.7722816467285,21.7194633483887,21.2888228098551,20.902198155721,21.26336034139,20.4147930145264,19.7122383117676,-0.105726496378582,20.7691457748413,-0.272639186041366,0.790107881364029,0.953543902509127,-5.25337680211652
"NDUFS3","NADH dehydrogenase [ubiquinone] iron-sulfur protein 3, mitochondrial",21.6935062408447,22.1806195576986,21.9797496795654,21.9661146799723,22.1649424235026,21.4790522257487,21.8215484619141,21.9759731292725,22.168124516805,22.3008340199788,-0.0478800455729165,21.9730464935303,-0.273057628822847,0.789794330693748,0.953543902509127,-5.2532845706738
"PPP2R1A","Serine/threonine-protein phosphatase 2A 65 kDa regulatory subunit A alpha isoform",22.6483414967855,22.2252667744954,22.5004494984945,22.2498219807943,22.6338698069255,22.6072273254395,22.4853610992432,22.3595581054688,22.3526178995768,22.2589117685954,-0.0388146718343077,22.4321425755819,-0.280957975279086,0.78388172100774,0.949645244176256,-5.25151711676708
"ME3","NADP-dependent malic enzyme, mitochondrial",19.8211580912272,20.8742014567057,20.0682862599691,20.2657979329427,19.602294921875,19.6125704447428,19.9791240692139,19.8373858133952,20.5147762298584,20.3231830596924,-0.0729398091634142,20.0898778279622,-0.289205015319807,0.777724781132807,0.945800852758695,-5.24961928707729
"PGK1","Phosphoglycerate kinase 1",25.7864824930827,25.8089764912923,25.7429943084717,26.0192877451579,25.5600166320801,25.7707627614339,25.6342557271322,25.6979961395264,25.7929579416911,25.8421312967936,-0.0359307607014968,25.7655861536662,-0.290187797060077,0.776992121801037,0.945800852758695,-5.2493895332978
"RPS2","40S ribosomal protein S2",19.5225404103597,19.6990331013997,19.6809558868408,19.7602888743083,19.7035064697266,19.5416768391927,19.2275047302246,19.4516067504883,19.6814282735189,20.2065785725911,-0.0515059153238928,19.6475119908651,-0.293155808441971,0.774780856989175,0.945800852758695,-5.24869103267899
"PRKCSH","Glucosidase 2 subunit beta",21.5486234029134,21.0450801849365,21.3792953491211,21.1001777648926,21.3225428263346,21.8339424133301,21.4829139709473,21.0233637491862,20.8909613291423,20.8542957305908,-0.0620484670003232,21.2481196721395,-0.300333328174347,0.769442002844939,0.940539003477554,-5.24697304925054
"TBCA","Tubulin-specific chaperone A",19.4958642323812,19.5215880076091,19.3951517740885,19.1336485544841,19.2295583089193,19.5145816802979,19.5800374348958,18.590300877889,19.3743203481038,19.4243907928467,-0.0584359486897774,19.3259442011515,-0.30038110368102,0.76940650732602,0.940539003477554,-5.2469614774379
"PSMA7;PSMA8","Proteasome subunit alpha type-7;Proteasome subunit alpha type-7-like",19.0245914459229,19.3489297231038,18.7533804575602,19.4827143351237,19.2757886250814,19.1226075490316,18.7247492472331,19.4911772410075,19.2710227966309,18.9914328257243,-0.0568829854329422,19.1486394246419,-0.306382808372841,0.764951856579681,0.93746032939082,-5.24549345193913
"PSMA2","Proteasome subunit alpha type-2",19.1992905934652,18.8859621683757,18.7849998474121,19.259880065918,18.9733009338379,18.9125277201335,18.9280897776286,19.2739175160726,19.1986249287923,18.5274537404378,-0.0525639851888008,18.9944047292074,-0.309734492410312,0.762467970943038,0.936830801507532,-5.2446612520245
"ACADVL","Very long-chain specific acyl-CoA dehydrogenase, mitochondrial",21.8588930765788,21.6999257405599,21.7363465627034,21.7180302937826,21.8261349995931,21.497673034668,21.6315282185872,21.502846399943,22.1138191223145,21.866382598877,-0.045416259765625,21.7451580047607,-0.311339247039216,0.761279693964148,0.936580839534159,-5.24425966567078
"PGAM1","Phosphoglycerate mutase 1",25.0836092631022,24.8634427388509,25.3898709615072,25.053139368693,25.3117459615072,25.0375003814697,25.2524274190267,25.5083611806234,24.8310279846191,24.7954966227214,-0.055398941040039,25.1126621882121,-0.321208006942041,0.753986350700395,0.934987258052577,-5.24174542023646
"SAMM50","Sorting and assembly machinery component 50 homolog",21.2285289764404,20.8388207753499,21.1336968739827,21.1303145090739,21.0239117940267,20.6946913401286,20.9663238525391,20.9257233937581,21.4297873179118,21.0873819986979,-0.05027300516764,21.0459180831909,-0.324067194884344,0.751877941024429,0.934987258052577,-5.24100266747121
"TMED10","Transmembrane emp24 domain-containing protein 10",22.0504671732585,20.955015818278,20.6535873413086,20.9723122914632,21.3560174306234,20.4962164560954,20.7955716451009,21.1564807891846,21.8313007354736,21.2213586171468,-0.0972943623860709,21.1488328297933,-0.327630961373184,0.749252916792411,0.934987258052577,-5.24006788273448
"CS","Citrate synthase, mitochondrial",23.2641398111979,23.3318208058675,23.2811730702718,23.5033334096273,23.6431579589844,23.2818126678467,23.0721937815348,23.1671619415283,23.5999190012614,23.6486250559489,-0.0507825215657532,23.3793337504069,-0.328506565217571,0.748608463013168,0.934987258052577,-5.23983668242549
"VDAC1","Voltage-dependent anion-selective channel protein 1",25.7058302561442,25.9580688476562,25.7722085316976,25.9087429046631,25.9449609120687,25.173189163208,25.9517701466878,25.712334950765,26.2319590250651,25.9139048258464,-0.0613306681315106,25.8272969563802,-0.329486794918027,0.747887240797609,0.934987258052577,-5.23957714154403
"YWHAZ","14-3-3 protein zeta/delta",26.1008961995443,26.0865147908529,26.3394444783529,25.8208910624186,26.0783246358236,25.8237412770589,26.3964614868164,26.3221804300944,25.8340123494466,25.7714932759603,-0.0556364695231104,26.0573959986369,-0.329554323193977,0.747837564859325,0.934987258052577,-5.23955923392194
"ATP6V0A1","V-type proton ATPase 116 kDa subunit a isoform 1",23.1081263224284,22.6599254608154,22.7999070485433,22.7408167521159,22.6432393391927,22.1066977183024,22.6666405995687,22.7227058410645,23.1419550577799,22.9876499176025,-0.0652731577555341,22.7577664057414,-0.33430981155333,0.744342289279064,0.934987258052577,-5.23828913738489
"TUBA4A","Tubulin alpha-4A chain",24.1522725423177,24.7349090576172,25.0120417277018,24.6395034790039,24.8493436177572,24.5824394226074,24.7824325561523,24.7024351755778,24.4576498667399,24.5790882110596,-0.0568050384521459,24.6492115656535,-0.34025426203639,0.739981560003281,0.934558384545976,-5.23667654647845
"FAM162A","Protein FAM162A",21.0050512949626,20.5836652119954,21.2336680094401,20.7343781789144,20.9623031616211,21.15749168396,20.9550933837891,21.0687084197998,20.5088596343994,20.5173905690511,-0.062304433186847,20.8726609547933,-0.341869536486394,0.738798262848965,0.93430471804437,-5.23623357541471
"AK1","Adenylate kinase isoenzyme 1",20.4560254414876,20.5658893585205,20.4913609822591,20.4057439168294,19.0664367675781,19.2408072153727,20.3891359965007,20.7754510243734,20.7935733795166,19.0824464162191,-0.140808486938477,20.1266870498657,-0.343497864893659,0.737606115741639,0.934039169201464,-5.23578495635255
"PRDX3","Thioredoxin-dependent peroxide reductase, mitochondrial",23.2238159179688,24.1768849690755,23.9779294331868,24.2131799062093,24.0884043375651,23.2635447184245,23.8675524393717,23.9698594411214,24.0407625834147,24.1472333272298,-0.0782524108886702,23.8969167073568,-0.344105147719357,0.737161689978092,0.934039169201464,-5.23561711304797
"CORO2B","Coronin-2B",18.5752633412679,20.9366137186686,21.3463217417399,21.9635492960612,19.8420740763346,20.8135821024577,18.4933007558187,20.6633497873942,20.9479999542236,20.5969854990641,-0.229720815022787,20.4179040273031,-0.355673426026431,0.728715006101794,0.928282738325002,-5.23236474905608
"GNAO1","Guanine nucleotide-binding protein G(o) subunit alpha",25.6892592112223,25.4316679636637,25.605375289917,25.5716330210368,25.463836034139,25.4881636301676,25.5785999298096,25.4569924672445,25.5509471893311,25.4836381276449,-0.0406860351562511,25.5320112864176,-0.364422874966072,0.722351274812878,0.928282738325002,-5.22983548785944
"ENDOD1","Endonuclease domain-containing 1 protein",19.916934967041,19.0279788970947,19.4563128153483,19.5518321990967,19.5525677998861,19.8071473439534,19.3987134297689,19.4765370686849,19.3130906422933,19.1779416402181,-0.0664393107096384,19.4679056803385,-0.365998972006822,0.721207238786981,0.928102955462001,-5.22937353319095
"GDI1","Rab GDP dissociation inhibitor alpha",24.6000461578369,25.090856552124,24.8192202250163,25.1202735900879,24.6098435719808,24.7721970876058,24.8213946024577,24.7319730122884,24.7701822916667,24.8840338389079,-0.0520918528238918,24.8220020929972,-0.368051749420182,0.719718261871254,0.928102955462001,-5.22876896334375
"PGRMC1","Membrane-associated progesterone receptor component 1",21.7427298227946,21.4025071461995,22.491647084554,21.3871072133382,22.4946365356445,22.1522941589355,22.7631556193034,22.3414522806803,20.909340540568,20.5554224650065,-0.159392547607418,21.8240292867025,-0.36912861602769,0.718937643129446,0.928102955462001,-5.22845050051755
"SLC25A4","ADP/ATP translocase 1",20.7007427215576,21.1097825368245,21.3248411814372,21.2381140391032,21.1567827860514,21.0871772766113,20.9787425994873,21.07834815979,21.0979779561361,21.030818939209,-0.0514396667480496,21.0803328196208,-0.371459805433132,0.717248912980568,0.928102955462001,-5.2277580052845
"ANXA6","Annexin A6",24.1237462361654,25.1479403177897,25.5766385396322,25.2863273620605,25.5191078186035,24.7056852976481,25.2888914744059,25.2897122701009,24.6868127187093,25.1692053476969,-0.102690633138021,25.0794067382812,-0.3781442233813,0.71241542384722,0.924293408020064,-5.22574893367461
"TOM1L2","TOM1-like protein 2",19.141383488973,18.8479493459066,18.0680866241455,18.5413869222005,18.2833137512207,18.2577597300212,18.5581531524658,18.5606899261475,18.7136764526367,18.4028657277425,-0.0777950286865251,18.537526512146,-0.382828656863177,0.709035930481045,0.922841426285164,-5.224320304568
"ENO2","Gamma-enolase",25.468776067098,25.37615331014,24.9339141845703,25.4158115386963,24.9211088816325,25.0366643269857,25.1244862874349,24.9489053090413,25.3387813568115,25.3580913543701,-0.0617670694986986,25.1922692616781,-0.384244339773069,0.70801589191129,0.922841426285164,-5.22388520979543
"HRSP12","Ribonuclease UK114",21.3924026489258,22.5360361735026,22.2523256937663,22.735523223877,21.4919179280599,19.7477690378825,22.2482802073161,22.582857131958,22.2144927978516,22.6105556488037,-0.200850168863933,21.9812160491943,-0.384866430179656,0.707567847167776,0.922841426285164,-5.22369352578349
"ALDH2","Aldehyde dehydrogenase, mitochondrial",24.5747604370117,24.5357653299967,24.423152923584,24.688117980957,24.6783428192139,24.2584126790365,24.4440498352051,24.3867727915446,24.9435291290283,24.5779863993327,-0.0578777313232438,24.551089032491,-0.389636604232682,0.704136095139261,0.922360091566717,-5.2222137349669
"MAT2A","S-adenosylmethionine synthase isoform type-2",20.158966700236,18.1512571970622,20.2836329142253,19.95818456014,19.4225540161133,19.1764895121257,18.1023273468018,20.4314314524333,19.2125555674235,20.0813961029053,-0.194079081217446,19.4978795369466,-0.398229073741083,0.697971839597101,0.91807914171071,-5.21950378561428
"RPS19","40S ribosomal protein S19",22.1638952891032,21.9243545532227,22.2098128000895,22.2733046213786,22.322519938151,21.9386240641276,22.1430085500081,22.4574025472005,21.7982482910156,22.2508538564046,-0.0611499786376958,22.1482024510702,-0.398673180676375,0.697653847729334,0.91807914171071,-5.21936216968922
"ALDH3A2","Fatty aldehyde dehydrogenase",18.2391980489095,18.70791943868,18.9890645345052,19.074177424113,18.377613067627,18.7749869028727,18.3926054636637,18.3409639994303,18.8666146596273,18.6267293294271,-0.0772144317626963,18.6389872868856,-0.399393438784793,0.697138253196672,0.91807914171071,-5.21913217149276
"NDUFA2","NADH dehydrogenase [ubiquinone] 1 alpha subcomplex subunit 2",21.5327180226644,20.9140783945719,20.9805475870768,20.7826499938965,21.0853462219238,21.022128423055,21.0967051188151,20.862709681193,21.0185006459554,20.9864660898844,-0.0617660522460925,21.0281850179036,-0.404415049638652,0.693547988414424,0.917335378278327,-5.21751750885928
"PSMD11","26S proteasome non-ATPase regulatory subunit 11",19.9031308492025,19.2122751871745,19.7850793202718,19.3729674021403,19.6167850494385,19.8140106201172,19.7696545918783,19.8448263804118,19.2122300465902,18.779047648112,-0.0940937042236332,19.5310007095337,-0.404440033165773,0.693530145611125,0.917335378278327,-5.2175094269681
"DLD","Dihydrolipoyl dehydrogenase, mitochondrial",23.5906982421875,23.7806460062663,23.6010278065999,23.9050954182943,24.0360069274902,23.4758618672689,23.7561683654785,23.8855508168538,23.7179005940755,23.7955958048503,-0.056479390462241,23.7544551849365,-0.40752407881936,0.691329063506476,0.916951100968841,-5.21650807806672
"L1CAM","Neural cell adhesion molecule L1",21.5006999969482,20.8938598632812,20.8846626281738,20.9131253560384,20.4860490163167,18.8412946065267,21.2415472666423,20.8170032501221,21.3145497639974,21.5438149770101,-0.184037399291993,20.8436606725057,-0.408751212806276,0.690454082922437,0.916951100968841,-5.21610760613464
"HSPA9","Stress-70 protein, mitochondrial",24.8274332682292,24.4981835683187,24.699125289917,24.933624903361,24.9193623860677,24.4833513895671,24.5796578725179,24.7100893656413,25.0107790629069,24.7960383097331,-0.0595626831054645,24.745764541626,-0.409522470021032,0.689904396104879,0.916951100968841,-5.2158553149982
"SNAP91","Clathrin coat assembly protein AP180",20.1427675882975,21.6290938059489,21.7228024800618,21.5467084248861,21.4493605295817,18.9621486663818,21.5451622009277,21.1236699422201,21.9111181894938,21.8429393768311,-0.22113889058431,21.1875771204631,-0.413580488664412,0.687015260114965,0.915058140573294,-5.21452032856475
"RPS5","40S ribosomal protein S5;40S ribosomal protein S5, N-terminally processed",21.2540944417318,21.1384340922038,21.8490854899089,21.6564928690592,22.2075570424398,21.2462552388509,21.7248236338298,21.8520189921061,20.8020884195964,21.9260126749674,-0.110892995198565,21.5656862894694,-0.417927967933622,0.683925809872414,0.912220820741467,-5.21307606790137
"FAHD2A;FAHD2B","Fumarylacetoacetate hydrolase domain-containing protein 2A;Fumarylacetoacetate hydrolase domain-containing protein 2B",19.837251663208,19.642448425293,19.3388023376465,19.7832145690918,19.0798066457113,18.2371877034505,19.6067040761312,19.6438452402751,20.1754252115885,19.3459364573161,-0.134484990437825,19.4690622329712,-0.42750192085468,0.677143550249725,0.906990868010547,-5.20984438447372
"MAP1B","Microtubule-associated protein 1B;MAP1B heavy chain;MAP1 light chain LC1",25.4096724192301,25.0126934051514,25.0241667429606,25.0597826639811,24.943531036377,25.4757531483968,25.0116348266602,25.0119787851969,24.7640730539958,24.8366095225016,-0.069959386189782,25.0549895604452,-0.431082236771683,0.674614828593993,0.906156358747017,-5.2086178048131
"HAPLN2","Hyaluronan and proteoglycan link protein 2",21.0486323038737,21.6941820780436,20.7511787414551,21.2348473866781,20.3352368672689,21.4522660573324,21.3646640777588,19.9854628245036,20.6580231984456,20.926482518514,-0.135435740152997,20.9450976053874,-0.43148724680893,0.674329038912749,0.906156358747017,-5.20847843485437
"NDUFB3","NADH dehydrogenase [ubiquinone] 1 beta subcomplex subunit 3",19.6982103983561,20.2625223795573,20.0499121348063,18.7796859741211,20.0200417836507,18.3998807271322,20.2824001312256,19.4330768585205,20.1202125549316,19.7619946797689,-0.162561543782551,19.680793762207,-0.435261478796334,0.671668383143095,0.904754436783404,-5.2071736342949
"DDC","Aromatic-L-amino-acid decarboxylase",20.8621444702148,18.0700658162435,19.1319020589193,19.4059759775798,19.7392069498698,19.0782432556152,20.2103341420492,19.5491116841634,18.4907410939534,18.8519395192464,-0.205785115559899,19.3389664967855,-0.438261173419042,0.669557075289343,0.904472696875235,-5.20612883696299
"ATP8A1","Phospholipid-transporting ATPase IA",21.1939570109049,21.8210570017497,21.2662607828776,21.0327695210775,20.9420687357585,20.7067216237386,21.3968626658122,19.8352095286051,21.9462693532308,21.5822906494141,-0.15775184631348,21.1723466873169,-0.441953382819474,0.666962427852556,0.902585367924982,-5.20483340453898
"RPS16","40S ribosomal protein S16",21.7574577331543,21.6397622426351,22.0488630930583,22.0076224009196,22.1422863006592,21.7803223927816,21.8790817260742,22.2004845937093,21.5226701100667,21.8504110972087,-0.0726043701171891,21.8828961690267,-0.45601464716598,0.657122794249319,0.897244673723256,-5.19980483860538
"AHCYL1;AHCYL2","Putative adenosylhomocysteinase 2;Putative adenosylhomocysteinase 3",22.5657539367676,21.7887051900228,22.1724643707275,22.12371190389,22.1946430206299,22.390739440918,21.9110457102458,22.2529589335124,21.9975922902425,21.8973865509033,-0.0791110992431643,22.129500134786,-0.469434167681079,0.647794932279706,0.887684410083574,-5.19486574056229
"NIPSNAP1","Protein NipSnap homolog 1",22.3500359853109,22.0937455495199,22.2091566721598,22.361478805542,22.1694030761719,21.9257621765137,22.4970957438151,21.8751780192057,22.3622194925944,22.1682065327962,-0.0710716247558582,22.201228205363,-0.470151880420631,0.647297803918344,0.887684410083574,-5.19459774252452
"VPS35","Vacuolar protein sorting-associated protein 35",21.7718143463135,21.497407913208,21.4223105112712,21.4940478006999,21.7666854858398,21.5896587371826,21.6550833384196,21.6032803853353,21.3550682067871,21.4444262186686,-0.0609498341878252,21.5599782943726,-0.471749604349581,0.646191773883641,0.887684410083574,-5.19399974496725
"UQCRC2","Cytochrome b-c1 complex subunit 2, mitochondrial",24.777063369751,24.6625258127848,24.5864423116048,24.6831906636556,24.6849098205566,24.4442551930745,24.5322024027507,24.598227818807,24.8876241048177,24.6401487986247,-0.0583347320556643,24.6496590296427,-0.473947493355473,0.644671732505078,0.887684410083574,-5.19317396535206
"HEBP1","Heme-binding protein 1",20.387664159139,19.422877629598,20.2067909240723,20.2207953135173,20.011022567749,19.4132741292318,18.622579574585,19.5695991516113,21.0500399271647,20.6241175333659,-0.193908055623374,19.9528760910034,-0.473986223795447,0.644644962000101,0.887684410083574,-5.19315938103566
"ACTR3","Actin-related protein 3",20.5156002044678,20.0537490844727,20.0230484008789,19.9583600362142,20.2600695292155,20.3543593088786,19.9884147644043,20.1801598866781,19.7933158874512,20.1233367919922,-0.0742481231689444,20.1250413894653,-0.476440063264979,0.642949938015511,0.887684410083574,-5.19223305573367
"BDH1","D-beta-hydroxybutyrate dehydrogenase, mitochondrial",20.2804037729899,19.6253890991211,19.8348471323649,19.7639204661051,19.8319441477458,19.3866195678711,19.9014778137207,20.0061047871908,19.8566678365072,19.7838083902995,-0.0803652445475289,19.8271183013916,-0.48647660271397,0.636039155849005,0.885612353166037,-5.18839700436609
"HP","Haptoglobin;Haptoglobin alpha chain;Haptoglobin beta chain",24.5494467417399,22.9873695373535,22.6407203674316,22.4779160817464,21.8067614237467,22.753849029541,23.706615447998,22.2675437927246,22.5039761861165,22.0742613474528,-0.231193669637047,22.7768459955851,-0.495025270756607,0.630181162830514,0.880032725186225,-5.1850698786594
"IDH2","Isocitrate dehydrogenase [NADP], mitochondrial",22.3973757425944,22.8527488708496,22.5647417704264,23.1591904958089,22.8098233540853,22.7341181437174,22.6021480560303,22.7057011922201,22.747979482015,22.6061407725016,-0.077558517456052,22.7179967880249,-0.507068297491676,0.621973468315723,0.875550646271381,-5.18028980800616
"ELAVL4","ELAV-like protein 4",20.5214354197184,19.7945467631022,21.26930809021,20.3603337605794,21.7046012878418,21.1471385955811,21.351624806722,21.2582562764486,19.2174364725749,19.3159891764323,-0.271955998738609,20.5940670649211,-0.530073068343008,0.606443616403318,0.862074557846868,-5.17085814820995
"SLC18A2","Synaptic vesicular amine transporter",19.2066942850749,19.649959564209,19.5619093577067,19.5856418609619,19.7989724477132,18.9069703420003,19.0458507537842,19.7853609720866,19.7067413330078,19.7976195017497,-0.112126922607421,19.5045720418294,-0.531665768156571,0.605375767328542,0.861844842409347,-5.17019061327455
"PSMA5","Proteasome subunit alpha type-5",18.7997601826986,20.0727392832438,19.8495960235596,20.1928323109945,20.1798699696859,18.7828877766927,19.3038107554118,20.3378918965658,20.2312418619792,19.4972089131673,-0.188351313273111,19.7247838973999,-0.541901859907633,0.598535831423809,0.85466602955562,-5.1658556679443
"RPS13","40S ribosomal protein S13",21.8397547403971,21.487491607666,21.4805539449056,21.7612953186035,21.9833348592122,21.9697806040446,21.5114517211914,21.6270694732666,21.3392473856608,21.6731433868408,-0.0863475799560557,21.6673123041789,-0.543177740526949,0.597686070680639,0.85466602955562,-5.16530991419449
"PRAF2","PRA1 family protein 2",19.7482770284017,19.2787952423096,19.3967113494873,18.2775389353434,20.2649428049723,19.8901589711507,19.7952467600505,19.5637499491374,18.272424697876,18.2833773295085,-0.232261530558267,19.2771223068237,-0.54370213512141,0.597336995063433,0.85466602955562,-5.16508525806449
"SLC25A3","Phosphate carrier protein, mitochondrial",25.2672519683838,24.5011596679688,24.6692860921224,24.3476600646973,24.7225710550944,24.273977915446,24.7316513061523,24.477040608724,24.8685715993245,24.6415220896403,-0.103033065795901,24.6500692367554,-0.546312979856808,0.595600598146199,0.854323029920114,-5.16396372855713
"DDT;DDTL","D-dopachrome decarboxylase;D-dopachrome decarboxylase-like protein",19.1067301432292,20.2637640635173,19.7598342895508,20.4420038859049,19.1144771575928,18.484276453654,19.195384979248,19.5168120066325,19.8914254506429,20.529478708903,-0.213886388142905,19.6304187138875,-0.552135175764182,0.591737895075021,0.850064559239192,-5.16144464018713
"PC","Pyruvate carboxylase, mitochondrial",19.4105631510417,20.4880402882894,20.6086908976237,20.8724301656087,20.6525783538818,19.3973350524902,20.2919534047445,20.5675970713298,20.5939362843831,20.3365211486816,-0.168991978963215,20.3219645818075,-0.557439480411964,0.588230227001127,0.849453970523931,-5.15912794127259
"PIN1","Peptidyl-prolyl cis-trans isomerase NIMA-interacting 1",21.4607016245524,20.7145709991455,20.9668426513672,21.2670027414958,21.4555498758952,21.2089004516602,21.0714015960693,21.2806606292725,20.8734944661458,20.94140625,-0.0977608998616563,21.1240531285604,-0.564851804024199,0.583346955563598,0.846966343116002,-5.15585599219874
"PA2G4","Proliferation-associated protein 2G4",21.1164716084798,20.94082959493,21.7722047170003,21.2786337534587,21.9070523579915,21.4496841430664,21.3098678588867,21.396167755127,21.03204981486,21.2577959696452,-0.113925298055009,21.3460757573446,-0.573978109954631,0.577364206263323,0.842137055454632,-5.15177227724108
"DSTN","Destrin",23.1509857177734,22.4629917144775,23.2770722707113,22.9951140085856,23.0439287821452,23.2317771911621,22.7537097930908,23.2784328460693,22.6446431477865,22.4118976593018,-0.121926371256515,22.9250553131104,-0.575242472468886,0.576537955014496,0.842137055454632,-5.15120172567654
"PFKL","ATP-dependent 6-phosphofructokinase, liver type",18.2888151804606,19.0483163197835,19.2113278706868,19.216438293457,18.5163790384928,18.299991607666,17.778662999471,19.0115795135498,19.2570673624674,19.0594056447347,-0.174913914998373,18.768798383077,-0.576728405941362,0.575567721439203,0.842099850905664,-5.1505297004888
"RAB3C","Ras-related protein Rab-3C",19.6856034596761,19.1281331380208,20.0433781941732,19.4257195790609,19.6977723439534,19.9911664326986,19.468303044637,19.3130149841309,19.1461550394694,19.4720153808594,-0.117990366617838,19.537126159668,-0.57863546344891,0.574323805478058,0.842099850905664,-5.1496648635535
"ETFB","Electron transfer flavoprotein subunit beta",22.577304204305,22.4711685180664,21.8147551218669,22.3182156880697,22.1207656860352,21.9672787984212,22.2143567403158,21.7745297749837,22.5837427775065,22.2011133829753,-0.112237548828123,22.2043230692546,-0.58459874552749,0.570443513442394,0.840550840156864,-5.14694349686207
"HRAS;NRAS;KRAS","GTPase HRas;GTPase HRas, N-terminally processed;GTPase NRas;GTPase KRas;GTPase KRas, N-terminally processed",20.4225749969482,20.1585884094238,20.1200230916341,20.4146416982015,20.5122445424398,19.166498819987,20.7426293690999,19.6348978678385,20.4026527404785,20.8017965952555,-0.17591946919759,20.2376548131307,-0.589191928245906,0.567464469030418,0.840550840156864,-5.1448297831259
"CPLX2","Complexin-2",19.9663429260254,20.1677468617757,21.038356145223,19.9360154469808,21.9687430063884,19.4933954874674,21.2038586934408,20.6033356984456,19.4110698699951,20.9680500030518,-0.279498926798506,20.4756914138794,-0.594125740439474,0.564273977232093,0.839736865273676,-5.14254229309028
"TUBB3","Tubulin beta-3 chain",24.8537317911784,24.6235135396322,24.9265594482422,24.5232378641764,25.2405172983805,24.8702945709229,25.1013590494792,24.9931920369466,24.3639570871989,24.2143383026123,-0.124883778889974,24.771070098877,-0.594205024195189,0.564222788105559,0.839736865273676,-5.14250539057043
"YWHAG","14-3-3 protein gamma;14-3-3 protein gamma, N-terminally processed",26.2449862162272,24.4935620625814,25.1620502471924,24.6733010609945,25.2442557017008,24.8740304311117,25.0644989013672,25.4439214070638,24.8080698649089,24.7371196746826,-0.178103001912438,25.074579556783,-0.597414718366101,0.562152607300479,0.839704435616581,-5.14100762845166
"WARS","Tryptophan--tRNA ligase, cytoplasmic;T1-TrpRS;T2-TrpRS",17.9484354654948,19.1698290506999,19.1313082377116,19.3344586690267,19.2275924682617,18.7268009185791,17.6321582794189,18.8711916605632,19.2715295155843,19.265635172526,-0.208861668904625,18.8578939437866,-0.598021961410496,0.561761419760621,0.839704435616581,-5.14072342936591
"YARS","Tyrosine--tRNA ligase, cytoplasmic;Tyrosine--tRNA ligase, cytoplasmic, N-terminally processed",19.7820746103923,19.0306491851807,20.1921017964681,20.1418336232503,20.6704139709473,20.2081661224365,19.9309221903483,19.3177369435628,19.7613512674967,19.7546164194743,-0.168856048583982,19.8789866129557,-0.601437170670953,0.559564128739794,0.839704435616581,-5.13912010289382
"BCAP31","B-cell receptor-associated protein 31",21.2223650614421,21.4712422688802,21.1652278900146,21.5325247446696,21.7303899129232,21.1369024912516,21.5734844207764,21.6187419891357,21.2554308573405,21.0237890879313,-0.102680206298829,21.3730098724365,-0.611219587742719,0.553296662858903,0.836542331285878,-5.1344810966953
"AHSA1","Activator of 90 kDa heat shock protein ATPase homolog 1",17.8214569091797,19.2922636667887,19.2204767862956,19.0801893870036,19.2956148783366,18.608876546224,18.9905007680257,19.1679306030273,18.8211968739827,18.2106717427572,-0.182165018717451,18.8509178161621,-0.615947210196213,0.550281832453512,0.835971282209729,-5.13221452887974
"APOE","Apolipoprotein E",19.7505722045898,20.3773523966471,20.5307108561198,20.8280792236328,20.7308864593506,20.6485951741536,20.3573525746663,19.7724240620931,20.6843427022298,20.0048802693685,-0.150001271565755,20.3685195922852,-0.616243975804513,0.550092891136393,0.835971282209729,-5.13207171581611
"ILF2","Interleukin enhancer-binding factor 2",18.8623708089193,19.0174204508464,19.8495699564616,18.3603026072184,20.0714988708496,19.3967119852702,19.3271878560384,19.8273328145345,17.6082000732422,18.6525955200195,-0.269826889038087,19.09731909434,-0.617925273010213,0.549023149826582,0.835971282209729,-5.1312614310196
"SYNJ1","Synaptojanin-1",21.3012097676595,20.9221827189128,20.9625670115153,20.9214070638021,21.1699492136637,21.1952819824219,20.9669818878174,20.7695058186849,21.0027612050374,20.9262186686198,-0.0833132425944044,21.0138065338135,-0.619362150381261,0.548109850308914,0.835971282209729,-5.13056733818267
"FKBP3","Peptidyl-prolyl cis-trans isomerase FKBP3",20.0775216420492,18.8742523193359,21.6387805938721,20.0324904123942,21.4661394755046,20.3275197347005,20.6694450378418,20.9125328063965,18.3394355773926,20.0150286356608,-0.365044530232747,20.2353146235148,-0.620422152600247,0.547436646415561,0.835971282209729,-5.13005435046173
"CDC37","Hsp90 co-chaperone Cdc37;Hsp90 co-chaperone Cdc37, N-terminally processed",18.3290271759033,19.0983041127523,19.1117623647054,19.3366756439209,19.3253695170085,18.1342169443766,19.3295809427897,19.2437604268392,18.4441579182943,19.1862462361654,-0.172635269165039,18.9539101282756,-0.62194134094004,0.546472627834589,0.835971282209729,-5.12931773881476
"OGDH","2-oxoglutarate dehydrogenase, mitochondrial",20.5290540059408,21.1356779734294,21.1060860951742,21.1251366933187,21.3844108581543,20.5431232452393,21.1006882985433,20.9468777974447,21.1686426798503,20.9508304595947,-0.114040629069011,20.9990528106689,-0.625357650460317,0.544308272985516,0.835971282209729,-5.12765524300931
"ATP5F1","ATP synthase F(0) complex subunit B1, mitochondrial",24.3721167246501,24.1588884989421,24.5929578145345,24.4566135406494,24.5644448598226,24.060359954834,24.1476662953695,24.652863184611,24.5420074462891,24.2517560323079,-0.0980737050374339,24.379967435201,-0.629859272930335,0.541463760096774,0.83322335898387,-5.1254518795811
"CCT2","T-complex protein 1 subunit beta",22.3920160929362,22.0131397247314,22.8211078643799,22.3837547302246,22.6489645640055,22.9903551737467,22.2564163208008,22.742249806722,21.5197512308757,21.8799063364665,-0.174060821533201,22.3647661844889,-0.630657099969749,0.540960507317326,0.83322335898387,-5.12505986873694
"CORO2A","Coronin-2A",18.3397846221924,20.9766241709391,21.609348932902,21.7930304209391,19.5823783874512,21.2304960886637,18.2409013112386,20.9736455281576,20.3405443827311,19.1493968963623,-0.4732364654541,20.2236150741577,-0.638754982794252,0.535867630743374,0.828634336320241,-5.12105536996837
"COPS4","COP9 signalosome complex subunit 4",19.1958300272624,18.8065617879232,19.3721485137939,19.0148054758708,19.3403498331706,19.3323090871175,19.2437731424967,19.1613190968831,18.5151831309001,18.8846893310547,-0.118484369913737,19.0866969426473,-0.639684354752275,0.53528489841548,0.828634336320241,-5.12059280507217
"ERH","Enhancer of rudimentary homolog",19.3213793436686,18.3084729512533,20.0047384897868,18.9476642608643,20.328218460083,19.2325585683187,20.076873143514,19.7745869954427,18.0878779093424,18.2094618479411,-0.305823008219402,19.2291831970215,-0.650809991042299,0.528337267328024,0.823686461031066,-5.11500788720369
"BSCL2","Seipin",22.0431073506673,21.5461184183757,21.326504389445,21.5252882639567,21.6369584401449,19.9978612263997,21.6416460673014,21.5764554341634,22.1643009185791,21.5843245188395,-0.22267773946126,21.5042565027873,-0.652898611863633,0.527038837283227,0.823011386299423,-5.1139496752909
"CHCHD3","MICOS complex subunit MIC19",21.4963061014811,21.1772130330404,21.4393329620361,21.152027130127,21.6597226460775,21.6493867238363,21.5646826426188,21.3577988942464,20.9457054138184,20.7637399037679,-0.12865765889486,21.320591545105,-0.653881851806038,0.526428230529768,0.823011386299423,-5.11345044598255
"HSPA8","Heat shock cognate 71 kDa protein",26.6456832885742,26.8727264404297,26.8998432159424,27.170747756958,26.9125181833903,26.8615430196126,26.7265981038411,26.8902632395426,26.6651662190755,26.9174982706706,-0.0880900065104153,26.8562587738037,-0.6712532214743,0.515708526502851,0.813331357718427,-5.10451823319802
"TIMM13","Mitochondrial import inner membrane translocase subunit Tim13",20.760716120402,19.285711924235,19.9783789316813,20.2875855763753,20.2710704803467,19.992857615153,20.0238615671794,20.0721588134766,19.7777004241943,19.9319547017415,-0.156985982259114,20.0381996154785,-0.67214508419532,0.515161665194488,0.813331357718427,-5.10405393526212
"VDAC2","Voltage-dependent anion-selective channel protein 2",25.1081759134928,24.8975830078125,24.5979143778483,24.5819517771403,25.0236612955729,24.5668487548828,24.8566449483236,24.6129722595215,25.0009524027507,24.6488170623779,-0.104610188802084,24.7895521799723,-0.678491349090669,0.511280262693859,0.811882063258086,-5.10073406939347
"PRDX5","Peroxiredoxin-5, mitochondrial",23.6933008829753,23.6632378896077,23.4833342234294,23.7837409973145,23.4728253682454,23.5438079833984,23.5526383717855,23.7050768534342,23.3928991953532,23.4854723612467,-0.0833089192708338,23.577633412679,-0.679476708722515,0.510679175738389,0.811882063258086,-5.1002160871484
"MT-CO2","Cytochrome c oxidase subunit 2",23.5634721120199,23.248820622762,23.0393288930257,22.8939711252848,23.3432528177897,22.6878242492676,23.2215309143066,22.7798124949137,23.2580801645915,23.4853439331055,-0.131250762939454,23.1521437327067,-0.684586707093861,0.507568743214111,0.810688036353009,-5.09751902874748
"RPS4X;RPS4Y1","40S ribosomal protein S4, X isoform;40S ribosomal protein S4, Y isoform 1",18.19327100118,19.089225769043,19.58211962382,19.7913799285889,19.5836086273193,18.4221674601237,19.2665087381999,19.2818845113118,19.3076324462891,18.9273147583008,-0.206819407145181,19.1445112864176,-0.687420634093831,0.505848638368969,0.809868779610925,-5.09601545532657
"CLTB","Clathrin light chain B",20.3636646270752,20.4495048522949,20.8794523874919,20.4467678070068,20.8539670308431,20.1416416168213,20.9224313100179,20.8665192921956,19.9420318603516,20.3738714853923,-0.149372227986653,20.5239852269491,-0.693873386163814,0.501945084758274,0.806334080414052,-5.09257108665029
"RPLP2","60S acidic ribosomal protein P2",22.6042766571045,22.9196847279867,23.5158812204997,23.3891779581706,24.0276775360107,23.1780128479004,23.1686852773031,23.4073861440023,22.791322072347,23.0423959096273,-0.173779169718424,23.2044500350952,-0.70247952607092,0.496767208727526,0.802080841256158,-5.08793245140058
"MAP2","Microtubule-associated protein 2",24.3840999603271,23.6722666422526,24.7043342590332,24.0257848103841,25.0697116851807,24.505641301473,24.6330871582031,24.7614987691243,23.5476786295573,23.1378332773844,-0.254091644287107,24.244193649292,-0.705927760002262,0.494701709762964,0.802080841256158,-5.08605954848731
"NDUFB8","NADH dehydrogenase [ubiquinone] 1 beta subcomplex subunit 8, mitochondrial",20.2320226033529,19.170503616333,19.3569768269857,19.8503373463949,19.851380666097,19.8839785257975,19.4862244923909,19.558131535848,19.6066926320394,19.168758392334,-0.151487096150717,19.6165006637573,-0.706448545799046,0.494390213029998,0.802080841256158,-5.08577597309373
"NDUFA4","Cytochrome c oxidase subunit NDUFA4",23.4237715403239,22.7414989471436,22.9458859761556,22.5371875762939,22.9208068847656,22.8413702646891,23.01824315389,23.01717821757,22.4341354370117,22.5901050567627,-0.13362375895182,22.8470183054606,-0.706504987743949,0.49435646068131,0.802080841256158,-5.08574522843329
"NDUFB4","NADH dehydrogenase [ubiquinone] 1 beta subcomplex subunit 4",22.3257541656494,21.7694047292074,21.6077963511149,21.6183694203695,21.7334321339925,21.8669420878092,21.7303873697917,21.4132766723633,21.757453918457,21.7041244506836,-0.116514460245767,21.7526941299438,-0.706768454446072,0.494198925856897,0.802080841256158,-5.08560168571332
"PPT1","Palmitoyl-protein thioesterase 1",25.3513317108154,24.5637353261312,24.2217267354329,24.1417484283447,24.8286202748617,24.8661880493164,24.2779750823975,24.0448557535807,24.6378078460693,24.4156506856283,-0.17293701171875,24.5349639892578,-0.707930176406471,0.493504661535083,0.802080841256158,-5.08496818361954
"TUBB4A","Tubulin beta-4A chain",25.0241082509359,25.1740029652913,24.3528594970703,24.6120147705078,24.2436078389486,24.7714678446452,24.3323090871175,24.3899262746175,24.613442103068,24.5899779001872,-0.141894022623695,24.6103716532389,-0.719697008454572,0.486506214323607,0.801849930366985,-5.07849938453201
"TUBB8","Tubulin beta-8 chain",18.3714090983073,21.6812801361084,21.6210587819417,21.0704619089762,20.3767121632894,17.5649483998617,20.5894463857015,20.8586432139079,20.0925362904867,21.2609901428223,-0.55087153116862,20.3487486521403,-0.720247199948845,0.486180482803391,0.801849930366985,-5.07819459765925
"ARPC1A","Actin-related protein 2/3 complex subunit 1A",20.8180732727051,20.949436823527,20.8514652252197,20.638770421346,20.6737009684245,20.7313041687012,20.81755956014,20.784366607666,20.5190207163493,20.6356455485026,-0.0887100219726548,20.7419343312581,-0.724607134023235,0.483604012348887,0.801232431609393,-5.07577203785869
"PPP1R7","Protein phosphatase 1 regulatory subunit 7",19.8515745798747,20.2904230753581,19.8919893900553,19.9699414571126,19.7597719828288,19.8199844360352,19.9752019246419,20.0330479939779,18.7617130279541,20.2475350697835,-0.185243606567385,19.8601182937622,-0.725969378263541,0.482800737302,0.801232431609393,-5.07501246013293
"KIAA1324L","UPF0577 protein KIAA1324-like",19.96613184611,19.2542781829834,19.6327959696452,19.7370014190674,19.8718547821045,19.2604064941406,19.8378868103027,19.1057790120443,19.4956970214844,20.0098870595296,-0.150481160481771,19.6171718597412,-0.733068061212035,0.478628235857542,0.800850788790624,-5.07103384460865
"CBLN1","Cerebellin-1;Cerebellin;[des-Ser1]-cerebellin",18.4998162587484,20.1867294311523,20.4216353098551,20.5177726745605,20.4856185913086,18.5421091715495,18.7844804128011,19.9618371327718,20.5423081715902,20.438512802124,-0.368464914957684,19.8380819956462,-0.749253547185959,0.469198938873199,0.793964752434897,-5.06183459865325
"MAP1A","Microtubule-associated protein 1A;MAP1A heavy chain;MAP1 light chain LC2",23.8766867319743,23.6881891886393,24.288818359375,23.9046878814697,24.1398963928223,24.1357905069987,24.2517833709717,23.8533274332682,23.3235448201497,23.5875307718913,-0.149260330200196,23.905025545756,-0.750846297324327,0.468277396330064,0.793964752434897,-5.06091978014709
"RPS17","40S ribosomal protein S17",20.5715096791585,20.2244701385498,20.4917945861816,20.5610186258952,20.6025110880534,20.5517953236898,20.4327564239502,20.3732865651449,20.1351254781087,20.4559904734294,-0.100469970703127,20.4400258382161,-0.761629182230516,0.462068656951313,0.792274314493968,-5.05468165946192
"LMAN2","Vesicular integral-membrane protein VIP36",20.0956433614095,20.1423244476318,20.1510613759359,20.2061653137207,20.2101421356201,20.0587615966797,19.9485880533854,19.9826946258545,20.2478154500326,20.13436571757,-0.0866222381591792,20.117756207784,-0.762138823247604,0.461776507559174,0.792274314493968,-5.05438489303719
"DCXR","L-xylulose reductase",19.5046850840251,20.0094324747721,20.397003809611,20.4257729848226,20.0415706634521,19.084098815918,18.5161584218343,20.0170408884684,20.736141204834,20.5026124318441,-0.304482650756838,19.9234516779582,-0.764726814033175,0.460294767459044,0.792274314493968,-5.05287521350307
"ACO2","Aconitate hydratase, mitochondrial",25.7559064229329,25.8664182027181,25.5728416442871,25.8869253794352,25.72673924764,25.4234345753988,25.561336517334,25.5478432973226,25.8825435638428,25.8677501678467,-0.105184555053712,25.7091739018758,-0.764962602609295,0.460159918698881,0.792274314493968,-5.05273744604896
"CAPZA1","F-actin-capping protein subunit alpha-1",19.8812586466471,20.1240094502767,20.0156377156576,20.0984999338786,20.4279308319092,19.4162553151449,20.1280212402344,20.287992477417,19.8100751241048,20.1908480326335,-0.142828877766925,20.0380528767904,-0.768965013211245,0.457874761503146,0.792274314493968,-5.05039324145776
"COX5B","Cytochrome c oxidase subunit 5B, mitochondrial",23.3589922587077,22.6674054463704,22.8196824391683,22.7552668253581,23.224308013916,22.9910628000895,22.5798613230387,23.0341377258301,22.7441775004069,22.8220017751058,-0.130882771809896,22.8996896107992,-0.769756965205266,0.457423461051128,0.792274314493968,-5.04992813066235
"ETFA","Electron transfer flavoprotein subunit alpha, mitochondrial",21.6867637634277,21.7890803019206,21.5611623128255,21.8000895182292,21.303124109904,21.4173965454102,21.3205687204997,21.2519550323486,21.8535111745199,21.6741167704264,-0.124534352620444,21.5657768249512,-0.776423071342082,0.453636011414927,0.792274314493968,-5.04599660562838
"ALDOC","Fructose-bisphosphate aldolase C",26.9651673634847,26.8434906005859,26.5505638122559,27.1043179829915,26.6508261362712,26.7271048227946,26.5225226084391,26.7079486846924,26.9231777191162,26.673744837443,-0.111973444620768,26.7668864568075,-0.777379882748816,0.45309404195286,0.792274314493968,-5.04542987564128
"UQCRFS1;UQCRFS1P1","Cytochrome b-c1 complex subunit Rieske, mitochondrial;Cytochrome b-c1 complex subunit 11;Putative cytochrome b-c1 complex subunit Rieske-like protein 1",21.2012894948324,22.6121101379395,22.4059022267659,22.7474555969238,22.6328277587891,19.06112353007,22.4852390289307,22.4241803487142,22.4897988637288,22.6406815846761,-0.499712371826169,22.070060857137,-0.779853023715317,0.451695103554104,0.792274314493968,-5.04396219350916
"ARFGEF3","Brefeldin A-inhibited guanine nucleotide-exchange protein 3",18.8064842224121,19.114673614502,19.670368830363,19.0928293863932,19.3914667765299,19.1440035502116,19.4039312998454,19.6729723612467,18.4976285298665,18.274772644043,-0.216502888997395,19.1069131215413,-0.782093797167841,0.450430009274298,0.792274314493968,-5.04262890987098
"PDHB","Pyruvate dehydrogenase E1 component subunit beta, mitochondrial",24.0976861317952,23.7473316192627,23.6511408487956,23.7593097686768,24.0011520385742,23.745538075765,23.7886492411296,23.8553714752197,23.739917755127,23.6188500722249,-0.10165875752767,23.8004947026571,-0.787051185839362,0.447639303447273,0.792274314493968,-5.03966740927971
"EPHX1","Epoxide hydrolase 1",20.9940528869629,21.258581161499,20.678378423055,20.9355907440186,20.6838175455729,20.8561509450277,19.5811831156413,20.9776719411214,21.09122021993,20.9575761159261,-0.217323684692385,20.8014223098755,-0.792331544404419,0.444679123410266,0.791928551241879,-5.03649512937991
"EPB41L3","Band 4.1-like protein 3;Band 4.1-like protein 3, N-terminally processed",22.7495129903158,22.8155606587728,22.6438217163086,22.6429646809896,22.2281697591146,22.5225238800049,22.4056396484375,22.2167154947917,22.7159423828125,22.613109588623,-0.121219762166341,22.5553960800171,-0.793260293870578,0.444159782241104,0.791928551241879,-5.03593526553049
"USMG5","Up-regulated during skeletal muscle growth protein 5",22.1766796112061,22.0001163482666,22.2860412597656,22.2276369730632,22.1744562784831,20.7855892181396,22.2350018819173,22.1751575469971,22.3756459554036,22.2093302408854,-0.216841125488283,22.0645655314128,-0.795269219159831,0.44303777450456,0.791928551241879,-5.03472231504397
"PENK","Proenkephalin-A;Synenkephalin;Met-enkephalin;PENK(114-133);PENK(143-183);Met-enkephalin-Arg-Gly-Leu;Leu-enkephalin;PENK(237-258);Met-enkephalin-Arg-Phe",20.5800177256266,19.4442927042643,20.0302950541178,18.7603378295898,20.6462910970052,19.1900240580241,19.1737613677979,19.8714027404785,19.9876174926758,19.8341776529948,-0.280850219726562,19.7518217722575,-0.797221956186008,0.441948918675373,0.791928551241879,-5.03354074817607
"DYNC1I1","Cytoplasmic dynein 1 intermediate chain 1",19.6066818237305,19.80255762736,20.3479359944661,19.8436476389567,20.5305709838867,20.1737060546875,20.4315923055013,20.3394877115885,18.746774037679,19.0140654246012,-0.285153706868492,19.8837019602458,-0.811067678452092,0.434278613220085,0.782195002220267,-5.02509130889424
"CPT1A","Carnitine O-palmitoyltransferase 1, liver isoform",20.3100605010986,18.6850617726644,18.1488882700602,18.466864267985,19.6848360697428,19.0579942067464,18.9750544230143,18.3927319844564,18.6951834360758,18.6483173370361,-0.305285898844401,18.906499226888,-0.821394694784187,0.428614968734245,0.774929344612675,-5.01870782299489
"PDK3","[Pyruvate dehydrogenase (acetyl-transferring)] kinase isozyme 3, mitochondrial",19.2910887400309,18.8298873901367,19.2322425842285,19.0727837880452,19.3608754475911,18.5240179697673,18.6821708679199,19.0774701436361,19.6177806854248,19.0326442718506,-0.170558802286783,19.0720961888631,-0.826702077094112,0.425723353922551,0.772702746446591,-5.01540025118006
"AIFM1","Apoptosis-inducing factor 1, mitochondrial",20.2785129547119,19.3049132029216,19.6062971750895,19.4030679066976,19.9494934082031,19.1329301198324,19.5221932729085,19.6057910919189,19.8324953715007,19.5863730112712,-0.172500356038412,19.6222067515055,-0.831624728900425,0.42305296897706,0.770734431986942,-5.01231618479969
"STRAP","Serine-threonine kinase receptor-associated protein",20.9406210581462,20.3522720336914,21.6802323659261,20.8038514455159,21.6716632843018,21.3387781778971,21.2150084177653,21.374750773112,19.983891805013,20.0240542093913,-0.302431360880533,20.938512357076,-0.831897499886318,0.422905326415021,0.770734431986942,-5.01214483574293
"ATP5I","ATP synthase subunit e, mitochondrial",22.9577776590983,22.4417413075765,22.6861019134521,22.5881640116374,22.6166121164958,22.741548538208,22.58966700236,22.5717856089274,22.2742436726888,22.5275230407715,-0.117125829060873,22.5995164871216,-0.832757799551268,0.422439897758852,0.770734431986942,-5.01160409965892
"ACOT7","Cytosolic acyl coenzyme A thioester hydrolase",23.062084197998,23.3378429412842,23.626771291097,23.2353006998698,23.4670454661051,23.4746634165446,23.4130102793376,23.1567363739014,23.0169429779053,23.0086911519368,-0.131800079345706,23.279908879598,-0.849742282899374,0.41332125012213,0.763239823041059,-5.00083139611568
"RPS3","40S ribosomal protein S3",24.2935721079508,23.8243268330892,24.1622505187988,24.1811027526855,24.5662860870361,24.254581451416,23.9610818227132,24.1594835917155,23.8845748901367,24.1063289642334,-0.132297515869139,24.1393589019775,-0.854831051990641,0.41061519738234,0.759718001382501,-4.99756788837658
"DIABLO","Diablo homolog, mitochondrial",21.4337838490804,20.3305314381917,20.6002368927002,20.6013628641764,22.1296774546305,21.2187976837158,20.3271827697754,20.5139376322428,20.8892294565837,20.7432282765706,-0.280643335978191,20.8787968317668,-0.856598423731975,0.409678172532822,0.759461875397102,-4.99643059373302
"IDH1","Isocitrate dehydrogenase [NADP] cytoplasmic",18.2089277903239,18.2436695098877,18.1516183217367,17.9597104390462,17.7640686035156,18.3059476216634,17.0318997701009,17.7976996103923,17.8371238708496,18.3365325927734,-0.203758239746094,17.963719813029,-0.858788140909452,0.408519238756537,0.75879257042474,-4.99501877285298
"DAD1","Dolichyl-diphosphooligosaccharide--protein glycosyltransferase subunit DAD1",20.118647257487,19.960397084554,20.1830164591471,20.1929054260254,20.1242847442627,20.3374055226644,19.5957260131836,19.8715686798096,19.945884068807,20.1706269582113,-0.131607945760093,20.0500462214152,-0.860742196084735,0.40748691082299,0.75879257042474,-4.99375632913449
"CFL2","Cofilin-2",20.5390968322754,20.5613231658936,21.2383524576823,20.8667144775391,20.7014395395915,20.8553504943848,20.656800587972,20.8167247772217,20.4233328501383,20.4287090301514,-0.145201746622721,20.708784421285,-0.861821082413256,0.40691769434802,0.75879257042474,-4.99305826417029
"PHYHIPL","Phytanoyl-CoA hydroxylase-interacting protein-like",21.8121668497721,20.7734101613363,20.9287192026774,21.2393023173014,21.4582532246908,21.2627321879069,21.1096827189128,21.3146050771077,20.8435885111491,20.7782732645671,-0.180593999226887,21.1520733515422,-0.864694432977345,0.405404361647127,0.75879257042474,-4.9911955475661
"PLBD2","Putative phospholipase B-like 2;Putative phospholipase B-like 2 32 kDa form;Putative phospholipase B-like 2 45 kDa form",19.9958451588949,20.3677946726481,20.339049021403,20.6144828796387,20.4660205841064,19.2814254760742,19.7870972951253,19.9140078226725,20.8388423919678,20.7298997243245,-0.24638392130534,20.2334465026855,-0.868328646976334,0.403495790880425,0.75879257042474,-4.98883211658227
"ACAA2","3-ketoacyl-CoA thiolase, mitochondrial",20.3885714213053,21.0379695892334,21.112647374471,21.4370206197103,20.5828564961751,18.8823267618815,20.9640267690023,20.670072555542,21.2150872548421,21.0490856170654,-0.35569330851237,20.7339664459229,-0.869952090748777,0.402645194104088,0.75879257042474,-4.98777365518246
"NQO1","NAD(P)H dehydrogenase [quinone] 1",19.8172798156738,19.7643070220947,19.823735555013,18.3162301381429,19.0016244252523,19.7901452382406,19.5586929321289,18.978572845459,18.2044169108073,18.5549621582031,-0.327277374267578,19.1809967041016,-0.879565936993238,0.39763317122028,0.757022841881191,-4.98147161676541
"ARRB1","Beta-arrestin-1",21.194372177124,21.2826900482178,21.1830488840739,21.3094577789307,21.0596440633138,20.846071879069,21.0599829355876,21.1085224151611,21.1029249827067,21.3471762339274,-0.112906901041668,21.1493891398112,-0.880531615544154,0.397132106224816,0.757022841881191,-4.98083539528376
"A2M","Alpha-2-macroglobulin",23.012196858724,21.289358774821,21.0872389475505,21.0988229115804,21.6908270517985,21.1337776184082,22.0915826161702,20.5608094533284,21.4651101430257,21.2316703796387,-0.3390988667806,21.4661394755046,-0.881229692682084,0.396770162700381,0.757022841881191,-4.98037511532183
"SLC25A25","Calcium-binding mitochondrial carrier protein SCaMC-2",20.2408205668132,18.7749112447103,20.6324596405029,19.8428484598796,19.0897095998128,19.0563742319743,18.9544696807861,19.2937056223551,20.386910756429,19.1873238881429,-0.34039306640625,19.5459533691406,-0.893923413987056,0.390228202849151,0.75122878726628,-4.97195244267276
"NAPA","Alpha-soluble NSF attachment protein",21.3755366007487,21.0506941477458,21.3697350819906,21.3071486155192,21.2428690592448,21.1046930948893,21.2329940795898,21.3661098480225,20.9861907958984,21.0856037139893,-0.114078394571944,21.2121575037638,-0.897415395039639,0.388441700917962,0.750829385310938,-4.96961783984503
"VDAC3","Voltage-dependent anion-selective channel protein 3",24.6549256642659,24.7876332600911,24.7887369791667,24.7642860412598,24.9157651265462,24.2707049051921,24.7342154184977,24.5431111653646,25.041514078776,24.6328449249268,-0.137791315714519,24.7133737564087,-0.907484069575597,0.383322360088963,0.745479681890806,-4.96284410877348
"TRAP1","Heat shock protein 75 kDa, mitochondrial",21.8617909749349,20.8781019846598,21.1428553263346,21.449654897054,21.1907965342204,21.0812854766846,20.8716475168864,21.2494633992513,21.5799433390299,20.7688312530518,-0.194405746459962,21.2074370702108,-0.914925320968748,0.379569272535198,0.740159525905203,-4.95779788354658
"NCEH1","Neutral cholesterol ester hydrolase 1",19.1676127115885,20.2901604970296,20.5325311024984,20.5638103485107,20.7161585489909,18.0617020924886,20.421604792277,20.776699701945,20.6682370503743,18.9098669687907,-0.486432520548503,20.0108383814494,-0.922199171517917,0.375925560568304,0.737124140413314,-4.95283240902079
"SNX3","Sorting nexin-3",19.5424741109212,19.5784765879313,18.498997370402,19.3859361012777,19.3244571685791,19.2656211853027,18.4732284545898,19.5421911875407,18.7303237915039,19.1402543385824,-0.235744476318359,19.1481960296631,-0.927449434039865,0.37331085567153,0.733509553189308,-4.94922828451503
"C21orf33","ES1 protein homolog, mitochondrial",21.390297571818,22.3651262919108,21.7318897247314,22.0364844004313,21.9777819315592,20.5133317311605,22.1125443776449,21.8311462402344,21.9326540629069,21.7356808980306,-0.27524452209473,21.7626937230428,-0.929891110868869,0.372099243192386,0.733500421772892,-4.94754644980368
"SUCLA2","Succinyl-CoA ligase [ADP-forming] subunit beta, mitochondrial",22.8519967397054,22.4917640686035,22.8037312825521,22.5934950510661,22.7464923858643,22.3766269683838,22.4418811798096,22.526336034139,22.9704074859619,22.4843482971191,-0.137575912475588,22.6287079493205,-0.933044328802009,0.370538660050671,0.733500421772892,-4.94536915443235
"PGRMC2","Membrane-associated progesterone receptor component 2",19.8708063761393,19.8712838490804,19.7592894236247,19.9619394938151,20.1887868245443,20.2695732116699,20.1595280965169,20.074623743693,18.8191992441813,18.9627488454183,-0.273286565144857,19.7937779108683,-0.935172342038707,0.369488087685054,0.733500421772892,-4.94389636061014
"ELAVL2","ELAV-like protein 2",23.1916357676188,22.1861178080241,24.0753364562988,22.647403717041,24.3118190765381,23.5166441599528,23.4653135935466,23.6721464792887,21.6294447580973,21.6086648305257,-0.504019800821942,23.0304526646932,-0.935624086515667,0.369265338887169,0.733500421772892,-4.94358335682299
"UBA1","Ubiquitin-like modifier-activating enzyme 1",23.4909680684408,23.0218900044759,23.7960650126139,23.3922138214111,23.5229002634684,23.4635117848714,23.3286069234212,23.6717395782471,22.9195855458577,22.9277540842692,-0.182567850748698,23.3535235087077,-0.941985593306098,0.366138668578721,0.733500421772892,-4.93916253139062
"OPA1","Dynamin-like 120 kDa protein, mitochondrial;Dynamin-like 120 kDa protein, form S1",23.0697542826335,22.7162437438965,22.5525658925374,22.4098148345947,22.62766456604,22.4548346201579,22.6799666086833,22.7442461649577,22.4059677124023,22.3697980244954,-0.144246037801105,22.6030856450399,-0.942746100275751,0.365766142477936,0.733500421772892,-4.93863239790002
"KTN1","Kinectin",22.4513142903646,21.687718073527,22.7616348266602,21.9564145406087,22.8005409240723,22.7535572052002,22.3831380208333,22.8816515604655,20.6737950642904,20.7557411193848,-0.44194793701172,22.1105505625407,-0.952703546833968,0.360913451698951,0.730273813969579,-4.9316592416771
"HNRNPD","Heterogeneous nuclear ribonucleoprotein D0",20.6767813364665,19.9659029642741,21.6640033721924,20.7753772735596,21.7106164296468,21.3108959197998,20.9885381062826,21.1715068817139,19.5723609924316,19.6513188680013,-0.419612121582034,20.7487302144369,-0.956143651654255,0.359247672489848,0.728453169590288,-4.92923636261716
"ABAT","4-aminobutyrate aminotransferase, mitochondrial",22.8801358540853,24.0894234975179,23.710765838623,24.2274913787842,23.6898549397786,22.7646649678548,23.3696365356445,23.3572947184245,23.7152900695801,24.0199483235677,-0.274167378743488,23.5824506123861,-0.960601949092014,0.35709705637748,0.725639531228598,-4.92608587308497
"ECHS1","Enoyl-CoA hydratase, mitochondrial",21.3590418497721,21.6147263844808,21.6054960886637,21.6803811391195,21.301908493042,21.0323270161947,21.3617884318034,21.1074994405111,21.5719000498454,21.7002328236898,-0.157561238606771,21.4335301717122,-0.967597174421998,0.353741304134254,0.72076335309207,-4.92111884783045
"NPM1","Nucleophosmin",19.5644912719727,19.2177022298177,19.2932866414388,19.7813002268473,19.7830511728923,19.4149926503499,19.2393843332926,18.9661661783854,19.1488024393717,19.911200205485,-0.191857147216797,19.4320377349854,-0.969313982674797,0.352921194560173,0.72076335309207,-4.91989538276955
"PFKP","ATP-dependent 6-phosphofructokinase, platelet type",21.6885719299316,20.9621206919352,21.0210501352946,20.8269837697347,20.9394607543945,20.2067464192708,20.6230945587158,21.4393475850423,21.150364557902,20.8330593109131,-0.237114969889325,20.9690799713135,-0.970051568317733,0.352569274955547,0.72076335309207,-4.9193692152739
"EDF1","Endothelial differentiation-related factor 1",19.5273501078288,19.1163005828857,19.584353129069,19.3222910563151,19.5497461954753,19.4875914255778,19.7150243123372,19.2243003845215,18.670612970988,19.0259761810303,-0.195307159423829,19.3223546346029,-0.98092307690389,0.347411548092686,0.716677618733503,-4.91157668216576
"RAB4B","Ras-related protein Rab-4B",19.3479150136312,19.4112122853597,19.9151891072591,19.8210957845052,19.9266141255697,19.5114116668701,19.8183873494466,19.7947953542074,19.4630521138509,18.7528374989827,-0.216308466593422,19.5762510299683,-0.981831286495,0.346983154667351,0.716677618733503,-4.91092254820119
"TM9SF3","Transmembrane 9 superfamily member 3",18.7830823262533,19.5627244313558,19.5796610514323,19.6616744995117,19.7400321960449,18.4742139180501,18.4458859761556,19.5804621378581,19.5597400665283,19.7694530487061,-0.299483871459961,19.3156929651896,-0.984356529115325,0.345794035470442,0.716677618733503,-4.90910121438863
"TUBB2A","Tubulin beta-2A chain",27.1973476409912,26.4360148111979,26.8825804392497,26.3602854410807,27.0837491353353,27.3308385213216,26.8181241353353,26.7112197875977,25.6012274424235,25.9275665283203,-0.314200210571291,26.6348953882853,-0.98616209239596,0.344945622987656,0.716677618733503,-4.9077966629835
"CMAS","N-acylneuraminate cytidylyltransferase",20.2004699707031,19.6633885701497,19.9157657623291,20.0216801961263,18.784189860026,19.0730253855387,19.5352783203125,19.5458037058512,19.700984954834,19.4883257548014,-0.248415247599282,19.5928912480672,-0.991028611979981,0.342666436196361,0.714639870225306,-4.90427103979916
"HNRNPK","Heterogeneous nuclear ribonucleoprotein K",22.3415463765462,22.1015777587891,22.8863773345947,22.2716229756673,23.2494360605876,22.4645570119222,22.5458176930745,22.8009719848633,21.8387934366862,21.8937708536784,-0.261329905192055,22.439447148641,-0.993396967099312,0.341561213443461,0.714639870225306,-4.90255025878283
"ATP5B","ATP synthase subunit beta, mitochondrial",28.111369450887,27.8054262797038,27.7852020263672,27.7930857340495,27.9773921966553,27.6169039408366,27.8202514648438,27.807736714681,27.8422133127848,27.7792676289876,-0.121220525105793,27.8338848749797,-1.00024819779146,0.338378636721755,0.711942662660153,-4.89755400747005
"SLC3A2","4F2 cell-surface antigen heavy chain",20.5974814097087,21.0555267333984,21.1471850077311,21.0875129699707,20.9903093973796,20.1251773834229,20.6656748453776,20.6302045186361,21.3839302062988,20.9728558858236,-0.220034535725912,20.8655858357747,-1.00119243228309,0.337941719669451,0.711942662660153,-4.89686329381253
"CAPN1","Calpain-1 catalytic subunit",20.2845255533854,20.3165918986003,20.4688498179118,20.1110057830811,20.2162666320801,19.8026733398438,20.071387608846,20.4248758951823,20.2765134175618,20.0961615244548,-0.145125579833983,20.2068851470947,-1.00420273822727,0.336551543457959,0.711245595174486,-4.89465779636088
"MAPT","Microtubule-associated protein tau",22.8684889475505,23.4398867289225,22.6172428131104,22.5514481862386,22.7996921539307,22.7187614440918,22.7656059265137,21.9569511413574,22.9367256164551,22.7764237721761,-0.224458185831706,22.7431226730347,-1.00867999680881,0.334491675762463,0.708466778730741,-4.89136787184369
"RPL6","60S ribosomal protein L6",20.8989054361979,21.2713718414307,21.4962590535482,21.4571806589762,21.9230937957764,20.5688781738281,20.9703172047933,21.0841566721598,21.4447180430094,21.7449054718018,-0.246767044067385,21.2859786351522,-1.01155371320413,0.333174439262991,0.707251990489072,-4.88925016664859
"DCTN1","Dynactin subunit 1",19.728312810262,18.3472448984782,19.3000024159749,19.3731320699056,18.9532330830892,19.1998386383057,18.5456587473551,19.1804211934408,18.2886168162028,19.0894412994385,-0.279589716593423,19.0005901972453,-1.02445976020384,0.327305669990424,0.69947795991212,-4.87968111840545
"PSMC5","26S protease regulatory subunit 8",18.7525005340576,19.010186513265,18.5803216298421,18.7658240000407,18.8108329772949,18.2906907399495,18.8094762166341,18.6386871337891,18.568213780721,18.8651142120361,-0.149496714274088,18.709184773763,-1.02446825820027,0.327301831010059,0.69947795991212,-4.87967478636041
"IGHM","Ig mu chain C region;Ig mu heavy chain disease protein",21.3644504547119,18.9523054758708,19.7977193196615,19.0367482503255,18.5360012054443,18.0408929189046,21.0210870107015,18.3596185048421,18.348513285319,18.6650002797445,-0.650422541300457,19.2122336705526,-1.02753119868864,0.32592031150767,0.69947795991212,-4.87738984902497
"ACBD3","Golgi resident protein GCP60",19.4084714253743,18.958288192749,19.3882160186768,18.9783668518066,19.6826839447021,19.4715410868327,19.2053038279216,19.5397866566976,18.5504372914632,18.2704582214355,-0.275699869791666,19.145355351766,-1.03824834830768,0.321120404202282,0.693231128923239,-4.86935309522618
"TOLLIP","Toll-interacting protein",20.9595190684001,20.4164581298828,20.789296468099,20.4655882517497,21.0960661570231,20.8737659454346,20.8489036560059,20.1905644734701,20.2537899017334,20.5450649261475,-0.202967834472656,20.6439016977946,-1.04083680741939,0.319969024580138,0.693231128923239,-4.86740230498817
"ALDH1L1","Cytosolic 10-formyltetrahydrofolate dehydrogenase",20.5819536844889,20.6138203938802,20.5511614481608,21.4214731852214,19.5510648091634,20.3043575286865,19.7239259084066,20.7840576171875,20.1047712961833,20.2015202840169,-0.320168177286783,20.3838106155396,-1.04091497068225,0.319934304430973,0.693231128923239,-4.86734333871009
"DNM1L","Dynamin-1-like protein",20.9284165700277,20.7092501322428,21.0746040344238,20.6584847768148,21.3637758890788,21.0071767171224,21.0277862548828,20.9866193135579,20.2467708587646,20.3582731882731,-0.221581013997394,20.8361157735189,-1.05709795473424,0.312806156544081,0.683858976720509,-4.85506127571813
"WDR37","WD repeat-containing protein 37",18.5894896189372,18.5101356506348,18.5323384602865,18.3265972137451,18.4152253468831,18.2789300282796,18.5434652964274,18.0728969573975,18.4279003143311,18.3684908548991,-0.136420567830403,18.4065469741821,-1.06096831023149,0.3111191393892,0.683101828270851,-4.85210226133178
"CLVS2;CLVS1","Clavesin-2;Clavesin-1",20.2067324320475,19.3431606292725,20.3144181569417,20.2928994496663,20.2501646677653,19.7935384114583,19.7874736785889,20.2434209187826,19.1694672902425,20.102149327596,-0.262265141805016,19.9503424962362,-1.07366563233802,0.305632615813644,0.675945622415756,-4.84233663934842
"C3","Complement C3;Complement C3 beta chain;C3-beta-c;Complement C3 alpha chain;C3a anaphylatoxin;Acylation stimulating protein;Complement C3b alpha chain;Complement C3c alpha chain fragment 1;Complement C3dg fragment;Complement C3g fragment;Complement C3d fragment;Complement C3f fragment;Complement C3c alpha chain fragment 2",22.0483156840007,20.930793762207,20.5288702646891,19.220001856486,21.6347376505534,20.1578985850016,20.8388455708822,19.0781288146973,20.9771995544434,20.5385163625081,-0.554426066080732,20.5953308105469,-1.07479244101071,0.305149269567683,0.675945622415756,-4.8414657176959
"CKB","Creatine kinase B-type",26.629581451416,26.9508425394694,26.646764755249,27.1178862253825,26.9336439768473,26.3471495310466,26.7533880869548,26.860179901123,26.8562081654867,26.6385962168376,-0.164639409383138,26.7734240849813,-1.07663343630458,0.304360814693154,0.675945622415756,-4.84004129766652
"COPZ1","Coatomer subunit zeta-1",19.4264558156331,18.2968470255534,19.217965443929,18.4644559224447,19.2045313517253,18.2288665771484,18.9092502593994,18.9683144887288,17.3937034606934,19.2033087412516,-0.38136240641276,18.7313699086507,-1.07907917827161,0.30331574450741,0.675945622415756,-4.83814610381876
"SUCLG1","Succinyl-CoA ligase [ADP/GDP-forming] subunit alpha, mitochondrial",21.1541716257731,21.0491714477539,20.8668727874756,21.1565469106038,21.224173227946,20.7866121927897,21.1170253753662,20.8965918223063,21.2019729614258,20.667428334554,-0.156261062622071,21.0120566685994,-1.09275027811793,0.297524052591488,0.668901593414907,-4.82749244444648
"GSS","Glutathione synthetase",20.8461163838704,20.5992037455241,20.8757483164469,20.755485534668,20.7898120880127,18.897824605306,20.6153736114502,21.0270220438639,20.8532384236654,20.5962912241618,-0.375323232014975,20.5856115976969,-1.09482210870637,0.296653718403898,0.668525322753808,-4.82586906244707
"RAB11B;RAB11A","Ras-related protein Rab-11B;Ras-related protein Rab-11A",23.5202655792236,22.6913318634033,23.3511740366618,23.2165730794271,23.1923313140869,23.0866101582845,23.0554758707682,23.1372394561768,22.8171844482422,22.9786777496338,-0.179297637939453,23.1046863555908,-1.10133014396374,0.293932437719033,0.667135437400478,-4.82075464852746
"ATP5A1","ATP synthase subunit alpha, mitochondrial",27.615488688151,27.2450160980225,27.3555615743001,27.5057767232259,27.3469791412354,27.135732014974,27.3640696207682,27.1780694325765,27.4254531860352,27.270320892334,-0.139035415649413,27.3442467371623,-1.10975776046486,0.290436877608763,0.661153093526483,-4.81409794279373
"DLAT","Dihydrolipoyllysine-residue acetyltransferase component of pyruvate dehydrogenase complex, mitochondrial",21.7721811930339,22.0450789133708,22.0104554494222,22.1820201873779,22.4649651845296,21.7743746439616,22.19704246521,22.0561173756917,21.7443917592367,21.8101132710775,-0.178532282511393,22.0056740442912,-1.11867267585418,0.286773954305248,0.655581804193007,-4.80701511721419
"DECR1","2,4-dienoyl-CoA reductase, mitochondrial",21.8462740580241,22.13112449646,21.7706260681152,22.2900447845459,21.5835488637288,21.5114479064941,21.8035322825114,21.3480574289958,22.0822709401449,21.841578801473,-0.206946182250975,21.8208505630493,-1.12145832436743,0.285636707472723,0.655581804193007,-4.80479329931487
"HSPA4","Heat shock 70 kDa protein 4",22.2772801717122,22.3320941925049,22.2515290578206,22.4560979207357,22.3907941182454,22.443785349528,22.2235005696615,22.1945756276449,21.9741268157959,22.1724414825439,-0.139873123168945,22.2716225306193,-1.12315359764178,0.284946309130971,0.655581804193007,-4.80343915134444
"GANAB","Neutral alpha-glucosidase AB",21.5227711995443,21.8751754760742,21.6878178914388,21.839558283488,21.5264167785645,21.2871163686117,21.6980444590251,21.7888520558675,21.4461148579915,21.4154561360677,-0.163231150309247,21.6087323506673,-1.13333453644349,0.280827147259478,0.649797121760982,-4.79527500913184
"EPRS","Bifunctional glutamate/proline--tRNA ligase;Glutamate--tRNA ligase;Proline--tRNA ligase",20.1510842641195,21.2101001739502,22.3640683492025,21.0502503712972,23.2115656534831,21.076114654541,22.2110722859701,22.3481661478678,17.9836222330729,19.5726572672526,-0.959087244669595,21.1178701400757,-1.13867210051196,0.27868605750703,0.647996187504122,-4.79097308889729
"RAP1GAP","Rap1 GTPase-activating protein 1",18.3481953938802,18.5129776000977,18.5816682179769,18.4704252878825,18.4720401763916,18.627036412557,17.9008229573568,18.2343552907308,18.386760075887,18.3947563171387,-0.168315124511722,18.3929037729899,-1.13957750439609,0.278324124520084,0.647996187504122,-4.79024188542443
"RPS21","40S ribosomal protein S21",21.5348141988118,20.9965966542562,20.9222984313965,20.7257169087728,21.6025689442952,21.1749731699626,20.9114863077799,21.2224311828613,20.4249852498372,20.8099002838135,-0.247643788655598,21.0325771331787,-1.14113772227041,0.277701285953467,0.647996187504122,-4.78898085330079
"HSD17B12","Very-long-chain 3-oxoacyl-CoA reductase",18.7388324737549,17.9080098470052,18.586981455485,18.5049629211426,18.6401570638021,18.286631266276,18.5809701283773,18.6471513112386,17.232873916626,18.0846665700277,-0.309330113728841,18.3211236953735,-1.1496132234799,0.274336737262472,0.646773867935603,-4.78210852969791
"IGKC","Ig kappa chain C region",24.169132232666,22.6499379475911,25.272528330485,22.0009536743164,23.6971168518066,22.7135842641195,24.1282844543457,23.0096556345622,22.9531402587891,21.4120012919108,-0.714600626627603,23.2006334940592,-1.15783092719199,0.271104879727866,0.644551851553,-4.77540981341758
"RCN1","Reticulocalbin-1",19.7698281606038,19.4889691670736,19.2682520548503,19.9866250356038,18.6502780914307,18.5605284372966,19.1274344126383,19.3268610636393,19.4802023569743,19.1747118631999,-0.298842875162759,19.2833690643311,-1.16269692819767,0.269205221587178,0.642988959165119,-4.77142691543408
"RPS12","40S ribosomal protein S12",22.5394204457601,21.6134980519613,21.972505569458,22.0620225270589,22.6446984608968,22.0980625152588,22.2183850606283,22.1589679718018,21.1601893107096,21.7198556264242,-0.295336914062499,22.0187605539958,-1.16338770310883,0.268936392009706,0.642988959165119,-4.77086052365161
"LRPPRC","Leucine-rich PPR motif-containing protein, mitochondrial",21.7720851898193,21.2898788452148,21.7000573476156,21.5358543395996,21.6794096628825,21.1798852284749,21.3842271169027,21.4657363891602,21.7735703786214,21.290766398112,-0.176619974772138,21.5071470896403,-1.16446395289122,0.268517964954852,0.642988959165119,-4.76997758134001
"SACM1L","Phosphatidylinositide phosphatase SAC1",19.2906010945638,18.8350849151611,17.9661610921224,18.7290732065837,19.1603291829427,18.3781445821126,18.613239924113,19.018284479777,18.3536332448324,18.1192773183187,-0.299733988444011,18.6463829040527,-1.17122362586718,0.265901554361955,0.642345111609431,-4.76441853733187
"GLS","Glutaminase kidney isoform, mitochondrial",23.4834957122803,23.3398094177246,23.8545277913411,24.0448792775472,23.8037344614665,22.3848838806152,23.3374144236247,23.6260674794515,24.0619551340739,23.4894911448161,-0.325326919555664,23.5426258722941,-1.17131790628977,0.265865203750102,0.642345111609431,-4.76434083845084
"USP5","Ubiquitin carboxyl-terminal hydrolase 5",21.8719164530436,21.6296106974284,21.8523368835449,21.4971720377604,21.8251158396403,21.4329573313395,21.3606796264648,21.7306048075358,21.7343997955322,21.6100870768229,-0.161484654744468,21.6544880549113,-1.18480298285051,0.260705953901105,0.637355686786506,-4.75318117574874
"PFKM","ATP-dependent 6-phosphofructokinase, muscle type",23.5237859090169,23.3248189290365,23.4443893432617,23.4973430633545,23.1663487752279,23.1872285207113,23.1114781697591,23.0023390452067,23.4157587687174,23.4289468129476,-0.162186940511067,23.310243733724,-1.18633388913013,0.260125258805157,0.637355686786506,-4.75190848038541
"HSPA12A","Heat shock 70 kDa protein 12A",21.4113572438558,21.4541320800781,21.9153200785319,21.5835425059001,21.5542437235514,21.3058179219564,21.3039487202962,21.5432224273682,21.6670360565186,21.2390244801839,-0.171909205118817,21.4977645238241,-1.18671544130855,0.259980689245626,0.637355686786506,-4.75159110005715
"PPA1","Inorganic pyrophosphatase",20.7956123352051,20.8343334197998,20.7012176513672,20.996737798055,21.0373064676921,19.5810483296712,20.4857590993245,20.785878499349,20.9967104593913,21.0104331970215,-0.301075617472329,20.7225037256877,-1.19207012472366,0.25795848192229,0.637355686786506,-4.74712932223247
"NPC2","Epididymal secretory protein E1",21.1902720133464,21.0222009023031,20.0104185740153,20.95929590861,21.5482107798258,19.7925834655762,20.5058771769206,20.6194095611572,20.8895619710286,21.104855855306,-0.363622029622401,20.7642686208089,-1.1924397129264,0.257819365415821,0.637355686786506,-4.74682083572013
"YWHAH","14-3-3 protein eta",23.7243792215983,22.8656349182129,23.2419522603353,23.403507232666,23.6698843638102,23.4403998057048,23.416384379069,23.4257043202718,22.5783996582031,22.6019293467204,-0.288508097330731,23.2368175506592,-1.19677341102794,0.256192537414063,0.637355686786506,-4.74319852848149
"DNM1","Dynamin-1",22.8679059346517,22.9526958465576,22.8199462890625,23.0499979654948,22.809591293335,22.8137035369873,22.8064079284668,22.8449338277181,22.7362124125163,22.6078599294027,-0.138203938802081,22.8309254964193,-1.20024851419682,0.254893890122947,0.636231206054915,-4.74028713795642
"EEF1A2","Elongation factor 1-alpha 2",23.9925390879313,24.5927302042643,25.1463088989258,24.843334197998,25.4702313741048,24.7673924763997,24.6398359934489,25.0757662455241,23.900608698527,23.7146682739258,-0.389374415079752,24.614341545105,-1.20273139906866,0.253969230873757,0.63559141726564,-4.7382033516314
"COPG1;COPG2","Coatomer subunit gamma-1;Coatomer subunit gamma-2",17.6072718302409,18.3457902272542,18.8433666229248,18.7596397399902,18.8695049285889,17.8450558980306,18.3680000305176,18.3455956776937,18.138713200887,18.2733046213786,-0.290980784098307,18.3396242777507,-1.20810203674682,0.251978228121987,0.63227254602641,-4.73368558293663
"GGH","Gamma-glutamyl hydrolase",25.7013346354167,25.2265529632568,25.5671227773031,25.2299009958903,25.6905371348063,25.3649838765462,24.4931011199951,25.4185009002686,25.7535603841146,25.014009475708,-0.274258550008141,25.3459604263306,-1.20901255554194,0.251641911796084,0.63227254602641,-4.73291824902923
"UQCRC1","Cytochrome b-c1 complex subunit 1, mitochondrial",24.6618226369222,24.5170790354411,24.5117511749268,24.4807523091634,24.6647198994954,23.4440282185872,24.4778938293457,24.3250357309977,24.7145379384359,24.5557651519775,-0.263772837320965,24.4353385925293,-1.20971591881923,0.251382356119721,0.63227254602641,-4.73232521531685
"RPL13","60S ribosomal protein L13",20.712033589681,20.316193262736,20.2467161814372,20.574473063151,20.5282567342122,20.69815381368,20.1445198059082,20.3538068135579,20.1271775563558,20.0990200042725,-0.190998967488608,20.3800350824992,-1.211122382229,0.250863979561565,0.63227254602641,-4.73113864159451
"TAGLN2","Transgelin-2",19.5800641377767,19.2970383961995,18.904478708903,19.0771134694417,19.2378012339274,18.050750096639,18.1857693990072,19.5902245839437,19.4399852752686,18.9934101104736,-0.36727129618327,19.035663541158,-1.21606919805213,0.249047490007964,0.63227254602641,-4.72695752581303
"MGST3","Microsomal glutathione S-transferase 3",19.1963780721029,19.4477621714274,19.6544812520345,19.3047777811686,19.4853483835856,19.1078243255615,19.3405729929606,19.395299911499,18.9615345001221,19.4082539876302,-0.175052388509116,19.3302233378092,-1.22062803773073,0.247382749515487,0.630726527585062,-4.72309375439033
"SFXN1","Sideroflexin-1",22.8850555419922,22.3595428466797,22.7695070902507,22.5957177480062,22.60382715861,22.3561611175537,22.5108477274577,22.4902127583822,22.7017161051432,22.2941360473633,-0.172115325927734,22.5566724141439,-1.2243100145463,0.246044695093448,0.629001357617927,-4.71996577574225
"ABHD10","Mycophenolic acid acyl-glucuronide esterase, mitochondrial",19.893092473348,20.1943759918213,20.0492534637451,20.040537516276,19.9684467315674,19.9410673777262,19.3628266652425,19.2368990580241,20.3069953918457,20.0314445495605,-0.253294626871747,19.9024939219157,-1.23234899850048,0.243143351439201,0.624944127618055,-4.7131135519062
"SLC1A4","Neutral amino acid transporter A",18.9741096496582,19.2799269358317,19.7443186442057,19.9816233317057,20.1729291280111,18.9631570180257,19.1096967061361,19.5388062795003,19.6573079427083,19.3875802357992,-0.299271901448572,19.4809455871582,-1.24424896774888,0.238898873103341,0.615698721737879,-4.70291330267791
"EEF2","Elongation factor 2",21.9382839202881,21.4739589691162,22.4761231740316,22.1901734670003,22.6568355560303,22.2006022135417,22.1148268381755,22.2521241505941,20.6939322153727,21.423184076945,-0.410141118367513,21.9420044581095,-1.25739012172408,0.234281050287426,0.605840650041153,-4.69157085002733
"RPL8","60S ribosomal protein L8",18.9866428375244,18.8704770406087,18.9973513285319,19.2338479359945,19.0349280039469,18.922602335612,18.5620180765788,18.9375540415446,18.6845073699951,19.1187121073405,-0.179570643107094,18.9348641077677,-1.26953537827686,0.230077446251642,0.601841954298988,-4.68101572172443
"COPB2","Coatomer subunit beta",21.9241898854574,20.950693766276,21.7777824401855,21.546932220459,21.6355902353923,21.5525608062744,21.6021715799967,21.6150449117025,20.5379816691081,20.8984724680583,-0.325791422526042,21.404141998291,-1.27258108627057,0.229032919365946,0.601685929052527,-4.67835798351098
"CLTC","Clathrin heavy chain 1",25.2404931386312,25.436954498291,25.4456628163656,25.3372166951497,25.5409228006999,25.2413444519043,25.3221543629964,25.4687735239665,25.0651327768962,25.0880991617839,-0.163149134318032,25.3186754226685,-1.27274986118132,0.228975150446777,0.601685929052527,-4.67821058161335
"SFXN3","Sideroflexin-3",22.8019256591797,21.7996406555176,22.3274803161621,22.214386622111,22.2194271087646,21.7923564910889,22.2159729003906,21.9988822937012,21.8591334025065,22.2929070790609,-0.240721638997399,22.1522112528483,-1.27384849774765,0.228599393445124,0.601685929052527,-4.67725074937589
"RPS15A","40S ribosomal protein S15a",22.5248730977376,21.8206094106038,22.3266061147054,22.1264177958171,22.1025536855062,22.0974203745524,21.9012489318848,22.1920312245687,21.6223443349202,22.0224641164144,-0.213110224405926,22.0736569086711,-1.28677627934878,0.224215277389021,0.597279352372435,-4.66591443781658
"TARSL2","Probable threonine--tRNA ligase 2, cytoplasmic",19.7423769632975,18.8604825337728,19.4931526184082,19.4535624186198,19.7734209696452,19.7283751169841,19.3156960805257,19.5361410776774,18.1017869313558,18.63338915507,-0.401521428426107,19.2638383865356,-1.29800436663374,0.22046329711304,0.588934257175565,-4.65600646539651
"RPLP1","60S acidic ribosomal protein P1",20.0424976348877,21.554209391276,22.1285667419434,21.596913655599,22.3768011728923,19.556702931722,21.5863265991211,21.8858331044515,20.194881439209,21.1241772969564,-0.670213445027673,21.2046909968058,-1.30368208064844,0.218585626366687,0.585563184999209,-4.65097451776503
"DLST","Dihydrolipoyllysine-residue succinyltransferase component of 2-oxoglutarate dehydrogenase complex, mitochondrial",22.4913234710693,22.6681302388509,22.4707152048747,22.4299221038818,22.589012781779,22.5993016560872,22.3676166534424,22.349541982015,22.3358675638835,22.1996002197266,-0.159435145060221,22.450103187561,-1.30906187960063,0.21681856341045,0.584120265731837,-4.64619320021921
"ACLY","ATP-citrate synthase",19.3339201609294,18.8066635131836,19.5972366333008,19.2088527679443,19.8858750661214,18.6338787078857,19.5677159627279,19.4452991485596,18.9215138753255,18.6246337890625,-0.327901331583659,19.2025589625041,-1.30955117481322,0.21665843009028,0.584120265731837,-4.64575769262196
"ALDH4A1","Delta-1-pyrroline-5-carboxylate dehydrogenase, mitochondrial",23.2434094746908,22.6935952504476,22.816437403361,23.6687418619792,23.1442794799805,22.5983950297038,22.4340502421061,22.2962118784587,23.4269898732503,23.1384716033936,-0.334468968709308,22.9460582097371,-1.31058581058966,0.216320140278311,0.584120265731837,-4.64483643996652
"RUFY3","Protein RUFY3",21.4151312510173,21.3009395599365,21.2702484130859,21.2332255045573,21.0486660003662,21.3468163808187,21.1168352762858,21.2598508199056,20.6691176096598,20.8378124237061,-0.20755564371745,21.1498643239339,-1.31921163631037,0.213516615649089,0.581817482757261,-4.63713729578044
"EEF1G","Elongation factor 1-gamma",25.0889593760173,24.6514269510905,25.479913075765,25.015167872111,26.3016414642334,25.0201034545898,25.3157297770182,25.8044446309408,24.0074195861816,23.3773860931396,-0.602405039469401,25.0062192281087,-1.320842839102,0.212989818337595,0.581817482757261,-4.63567761360891
"NAP1L1","Nucleosome assembly protein 1-like 1",20.6760896046956,20.6704254150391,21.1909809112549,20.9578278859456,21.2633336385091,19.2001749674479,20.8037846883138,21.2367000579834,20.5764497121175,20.7597471872966,-0.436360168457029,20.7335514068604,-1.33106293474322,0.209713506008477,0.576409087323879,-4.62650539831631
"SLC25A22","Mitochondrial glutamate carrier 1",21.8668886820475,21.2170187632243,21.459534962972,21.3791987101237,21.3753592173258,21.0374139149984,21.3011798858643,21.3240127563477,21.4747842152913,21.1476408640544,-0.202593739827477,21.3583031972249,-1.33209451646199,0.209385124980518,0.576409087323879,-4.62557703237056
"DYNC1H1","Cytoplasmic dynein 1 heavy chain 1",23.9043464660645,23.5048942565918,23.6421298980713,23.7063585917155,23.6617304484049,23.609800974528,23.4750073750814,23.6152229309082,23.5772438049316,23.2950369517008,-0.169429524739584,23.5991771697998,-1.33509306372664,0.208433010479376,0.576220328389206,-4.6228758608685
"MATR3","Matrin-3",18.6608428955078,19.0870450337728,19.8714701334635,19.2412045796712,20.4872659047445,19.2110385894775,19.2950808207194,19.6441733042399,18.3403905232747,18.440024693807,-0.483424123128254,19.2278536478678,-1.33909938678866,0.207166478809224,0.576068191074772,-4.6192607285044
"PRDX4","Peroxiredoxin-4",19.1934846242269,19.3282178243001,19.2640539805094,19.2334842681885,19.2917124430339,19.0263760884603,19.3596483866374,19.4763991038005,18.0150527954102,18.7888088226318,-0.328933588663736,19.0977238337199,-1.35140301477513,0.203316589464985,0.572053481009469,-4.60811491667442
"B3GAT3","Galactosylgalactosylxylosylprotein 3-beta-glucuronosyltransferase 3",18.6917362213135,18.6717363993327,18.7010389963786,18.5314286549886,19.2165457407633,18.7468700408936,18.4782257080078,18.6647993723551,18.2714881896973,18.5726439158122,-0.215691757202148,18.6546513239543,-1.35719560230286,0.201524674319139,0.568694258983684,-4.60284484959189
"USO1","General vesicular transport factor p115",21.3154703776042,20.4919713338216,21.5574951171875,20.9292386372884,21.1174570719401,20.7359352111816,20.8465429941813,21.1515477498372,20.8425877888997,20.3903751373291,-0.28892873128255,20.9378621419271,-1.36754131513894,0.198356889735831,0.564782641134057,-4.59339674285249
"RPSA","40S ribosomal protein SA",24.1832949320475,23.5931485493978,23.9560000101725,23.9656836191813,24.2351576487223,23.7754065195719,23.7450040181478,23.7876555124919,23.6023114522298,23.9914798736572,-0.206285476684571,23.883514213562,-1.37578487780352,0.195862529035001,0.561039955157487,-4.5858359683186
"","",22.3059387207031,22.0228678385417,23.008446375529,22.1743081410726,23.7364705403646,22.559242884318,22.6489162445068,23.2860972086589,20.3300940195719,20.0728963216146,-0.870156987508136,22.2145278294881,-1.38683714599556,0.192559408793478,0.554921205341206,-4.57565444199111
"CYB5R1","NADH-cytochrome b5 reductase 1",20.6317615509033,18.3017196655273,20.6842390696208,20.1982822418213,20.5742753346761,19.5536613464355,19.4740842183431,20.1237182617188,19.3949839274089,18.7979272206624,-0.609180577596028,19.7734652837118,-1.40121406838708,0.188332529199841,0.547719373911463,-4.56233447554856
"PAFAH1B2","Platelet-activating factor acetylhydrolase IB subunit beta",19.9886945088704,20.3539619445801,20.1359539031982,19.9697882334391,19.5724156697591,19.337423324585,19.8725446065267,19.8011436462402,19.5484860738118,20.1351509094238,-0.265213139851889,19.8715562820435,-1.40323104582346,0.187745801859345,0.547687906651033,-4.56045899830538
"CISD1","CDGSH iron-sulfur domain-containing protein 1",23.719596862793,23.2950350443522,23.4428380330404,23.0490112304688,23.5265979766846,23.4218018849691,23.3374703725179,23.3504950205485,22.86172803243,22.7706871032715,-0.25817934672038,23.2775261561076,-1.41938652015746,0.183101481068252,0.537436754616998,-4.5453773645017
"RAB1A","Ras-related protein Rab-1A",18.9427312215169,18.4880917867025,19.2571837107341,18.4109675089518,18.7056751251221,18.6298224131266,18.5754534403483,18.3748296101888,18.4907271067301,18.5189876556396,-0.242965825398764,18.6394469579061,-1.42658533157215,0.181063394271754,0.534755552647323,-4.538623261365
"MTCH1","Mitochondrial carrier homolog 1",20.9882469177246,20.0968399047852,19.4192899068197,20.0044542948405,20.0277767181396,19.8864866892497,20.2373580932617,19.6803582509359,19.6673126220703,18.9334990183512,-0.426318613688151,19.8941622416178,-1.43292940146244,0.179283214934924,0.531147468545523,-4.53265401223997
"GNB2L1","Guanine nucleotide-binding protein subunit beta-2-like 1;Guanine nucleotide-binding protein subunit beta-2-like 1, N-terminally processed",24.7831656138102,24.2420965830485,24.6193313598633,24.4725386301676,25.057404200236,24.5373064676921,24.4006932576497,24.5900065104167,23.9565652211507,24.3795541127523,-0.262082163492841,24.5038661956787,-1.44121442594361,0.176980712898213,0.530942138694638,-4.52483457063592
"FGG","Fibrinogen gamma chain",23.1272608439128,22.2235571543376,22.1391092936198,18.1331195831299,22.9358552296956,18.6130148569743,21.9581960042318,20.2089106241862,21.0885683695475,20.1066748301188,-1.31670748392741,21.0534266789754,-1.44215623631509,0.176720566412752,0.530942138694638,-4.52394398109595
"UQCRH","Cytochrome b-c1 complex subunit 6, mitochondrial",19.9397017161051,20.6009470621745,20.7876211802165,20.6753578186035,20.3534463246663,18.7983048756917,20.4742984771729,19.7444432576497,20.6088886260986,20.3558616638184,-0.475055440266928,20.2338871002197,-1.45383775974302,0.173520777427556,0.527122287702021,-4.51286905317433
"TAGLN3","Transgelin-3",21.8943589528402,22.3872241973877,22.0800984700521,22.0101954142253,22.4144802093506,21.9007587432861,22.2847766876221,21.925786336263,21.7167237599691,21.8103726704915,-0.22958780924479,22.0424775441488,-1.45440402465862,0.173366926166133,0.527122287702021,-4.51233084933884
"RCN2","Reticulocalbin-2",22.0634791056315,22.4386933644613,22.2152226765951,22.3712762196859,22.362148920695,21.6016794840495,22.2370160420736,22.1775487263997,22.0744558970133,22.2321395874023,-0.225596110026041,22.1773660024007,-1.45713126834426,0.172627572096688,0.527122287702021,-4.50973702259005
"RPL11","60S ribosomal protein L11",22.4251130421956,22.103219350179,22.539254506429,22.4366130828857,22.5143706003825,22.3542315165202,22.1464017232259,22.1515719095866,21.705228805542,22.4619509379069,-0.239837137858071,22.2837955474854,-1.46152941882902,0.171440889718593,0.527122287702021,-4.50554800850578
"ACSL3","Long-chain-fatty-acid--CoA ligase 3",19.2764314015706,19.1621468861898,20.0558306376139,19.3098341623942,20.3048400878906,19.2561454772949,19.5037962595622,19.7133820851644,18.5394382476807,19.0370934804281,-0.411845525105797,19.4158938725789,-1.46773937737948,0.169777194386342,0.527122287702021,-4.49962074476765
"VAPA","Vesicle-associated membrane protein-associated protein A",19.1054242451986,20.2173824310303,20.933079401652,20.7636439005534,20.9650141398112,19.8102347056071,20.5004037221273,20.9967288970947,18.4969603220622,17.6811389923096,-0.899815495808922,19.9470010757446,-1.47476151427864,0.167912522112062,0.527012569401225,-4.49290062698208
"RAB5A","Ras-related protein Rab-5A",18.5706704457601,19.0701802571615,19.0242716471354,19.200896581014,18.9071089426676,18.1869818369548,18.4721196492513,18.7239691416423,18.9826532999674,19.0008265177409,-0.281315485636391,18.8139678319295,-1.48300381457737,0.165746196378873,0.526388766452671,-4.48498912011497
"EPB41L1","Band 4.1-like protein 1",21.1468683878581,21.390495300293,20.9491176605225,21.0344988505046,21.1399351755778,20.749064763387,20.6692358652751,21.11208152771,21.0967655181885,20.9763940175374,-0.211474736531578,21.0264457066854,-1.48409585924385,0.16546097614516,0.526388766452671,-4.48393899447284
"P4HB","Protein disulfide-isomerase",22.6959794362386,22.2329165140788,22.1218484242757,22.2220236460368,22.3822371164958,22.4084084828695,22.2130559285482,22.2736784617106,21.5107116699219,21.7920398712158,-0.291422144571939,22.1852899551392,-1.49803702437307,0.161856616832009,0.525343490127102,-4.47049407560749
"TXNDC5","Thioredoxin domain-containing protein 5",19.9134298960368,19.5367991129557,20.092866897583,19.8502241770426,20.0645459493001,20.0571206410726,19.8727003733317,19.7388674418132,18.0028750101725,19.229331334432,-0.511394246419272,19.635876083374,-1.50069345340947,0.161177520945078,0.524930898694416,-4.46792407660915
"ACAD9","Acyl-CoA dehydrogenase family member 9, mitochondrial",20.2630564371745,20.0273342132568,19.8911991119385,19.8568096160889,19.6964327494303,19.2113126118978,19.7872091929118,19.7477480570475,19.8953227996826,19.8332068125407,-0.252006530761717,19.8209631601969,-1.50931377778158,0.15899064561921,0.523183750809235,-4.45956647886686
"NDUFS2","NADH dehydrogenase [ubiquinone] iron-sulfur protein 2, mitochondrial",20.9886665344238,20.9484151204427,21.3329671223958,20.8596477508545,20.8692487080892,20.3924999237061,19.9004821777344,20.9425690968831,21.1029370625814,20.9388739267985,-0.344316609700521,20.827630742391,-1.51278098619669,0.158118285021485,0.523183750809235,-4.45619733555021
"SNCG","Gamma-synuclein",23.0149847666423,22.6831951141357,23.1777617136637,23.0227711995443,23.1363951365153,23.0896383921305,22.6556199391683,22.7699203491211,22.8490034739176,22.5458196004232,-0.225021235148112,22.8945109685262,-1.51548930688833,0.157439734945108,0.523183750809235,-4.45356259759946
"ATP1A2","Sodium/potassium-transporting ATPase subunit alpha-2",23.8876489003499,23.3533706665039,23.6186250050863,23.9110787709554,23.7843519846598,23.4639205932617,23.1440900166829,23.1001434326172,24.023780186971,23.3486944834391,-0.294889322916665,23.5635704040527,-1.51586833697519,0.157344972240609,0.523183750809235,-4.45319365479889
"COX5A","Cytochrome c oxidase subunit 5A, mitochondrial",23.1679102579753,22.9665597279867,22.7125339508057,22.4180603027344,22.4490922292074,22.3935216267904,22.4528764088949,22.3897921244303,22.6536286671956,22.563840230306,-0.252099482218425,22.6167815526326,-1.518157443166,0.1567737092738,0.523183750809235,-4.45096437249744
"CRAT","Carnitine O-acetyltransferase",20.0070095062256,19.2574895222982,19.5787722269694,19.4087924957275,19.4101581573486,19.0148989359538,19.1877530415853,19.3044789632161,19.7588354746501,18.8785158793132,-0.303547922770184,19.3806704203288,-1.54078412508223,0.151222742238858,0.515327008281014,-4.42882876374494
"SKP1","S-phase kinase-associated protein 1",22.0182984670003,21.9964090983073,22.3782812754313,22.0784715016683,22.591033299764,20.9186045328776,22.455322265625,22.3672517140706,21.510804494222,21.639414469401,-0.434219233194989,21.9953891118368,-1.54603749533207,0.149958563561595,0.515327008281014,-4.42366367373606
"NDUFA11","NADH dehydrogenase [ubiquinone] 1 alpha subcomplex subunit 11",20.1885089874268,20.980832417806,19.9642314910889,20.1373449961344,19.9122041066488,19.7651329040527,19.7916177113851,19.9564278920492,19.9090124766032,20.1882546742757,-0.314535268147786,20.0793567657471,-1.5478026481265,0.149535857594751,0.515327008281014,-4.4219260324609
"NDUFA10","NADH dehydrogenase [ubiquinone] 1 alpha subcomplex subunit 10, mitochondrial",22.3104089101156,22.2606131235758,21.8579966227214,22.2409820556641,21.5705852508545,21.8369433085124,21.6190439860026,21.7160987854004,21.9241466522217,21.8532988230387,-0.258210881551106,21.9190117518107,-1.55713857323672,0.147317324933903,0.512769114332149,-4.41271774111148
"HACD3","Very-long-chain (3R)-3-hydroxyacyl-CoA dehydratase 3",21.5940920511882,21.1901143391927,21.4800624847412,21.0710697174072,21.4872264862061,21.4253705342611,21.348487218221,21.0119012196859,20.8866545359294,20.853307723999,-0.259368769327799,21.2348286310832,-1.55901922030182,0.146873898743517,0.512769114332149,-4.41085918577972
"TMEM55B","Type 1 phosphatidylinositol 4,5-bisphosphate 4-phosphatase",18.5895627339681,19.0019868214925,18.5031102498372,18.7357921600342,18.8520069122314,18.4021269480387,18.8547808329264,18.1578413645426,18.4825108846029,18.5396302541097,-0.249113718668618,18.6119349161784,-1.56550478645641,0.145353605121033,0.512769114332149,-4.40444056304147
"RTN4","Reticulon-4",22.7230008443197,22.823813756307,22.9238866170247,22.7800725301107,23.1231886545817,22.6211808522542,22.9288463592529,22.7771542867025,22.4691117604574,22.4763889312744,-0.220256042480468,22.7646644592285,-1.56978798628107,0.144357104918138,0.512769114332149,-4.40019375866803
"SOD2","Superoxide dismutase [Mn], mitochondrial",22.9751752217611,23.7934214274089,22.9700965881348,23.627311706543,22.974463780721,22.2874978383382,22.649377822876,22.8388824462891,23.1132825215658,23.472095489502,-0.395866521199546,23.070160484314,-1.57207390405464,0.143827720582711,0.512769114332149,-4.39792473425909
"HINT2","Histidine triad nucleotide-binding protein 2, mitochondrial",18.9080257415771,19.9688364664714,19.7824872334798,19.8622226715088,19.7403628031413,17.7230656941732,19.3318773905436,19.5277519226074,19.6043663024902,19.3056532541911,-0.553844070434569,19.3754649480184,-1.57627601656408,0.14285899163442,0.512769114332149,-4.39374910207114
"AP2A1","AP-2 complex subunit alpha-1",21.4654966990153,21.2811361948649,21.2865257263184,21.3624674479167,21.4581120808919,21.4801959991455,21.0432033538818,20.9543081919352,21.1470724741618,21.1865832010905,-0.208474985758466,21.2665101369222,-1.58254728603097,0.14142384905291,0.512769114332149,-4.38750639095902
"CCT4","T-complex protein 1 subunit delta",23.1213652292887,22.1445458730062,22.9430878957113,22.680378595988,22.7200794219971,22.6660855611165,22.4635365804036,22.7915725708008,21.601022084554,22.0958824157715,-0.398271560668945,22.5227556228638,-1.58298862234509,0.141323328098795,0.512769114332149,-4.38706657228133
"MTCH2","Mitochondrial carrier homolog 2",21.8032004038493,21.9659245808919,21.7196140289307,22.0777219136556,21.8242225646973,20.927703221639,21.623436609904,21.8139832814534,21.8550173441569,21.7089290618896,-0.292322794596354,21.7319753011068,-1.58558505935437,0.14073321463637,0.512769114332149,-4.38447775856911
"SYNCRIP","Heterogeneous nuclear ribonucleoprotein Q",19.7717259724935,20.2632325490316,20.8293202718099,20.3552735646566,20.8036931355794,20.2769463857015,20.0227330525716,20.4438711802165,18.9986947377523,19.9917685190837,-0.457846323649087,20.1757259368896,-1.58846566596493,0.140081038872763,0.512769114332149,-4.38160300539757
"CCT8","T-complex protein 1 subunit theta",23.5518169403076,22.7790482838949,23.4476146697998,23.1419976552327,23.0972181955973,23.3177960713704,22.8403390248617,23.0519822438558,22.494504292806,22.7677612304688,-0.309062576293945,23.0490078608195,-1.59162532007221,0.139368729529356,0.512769114332149,-4.37844663302606
"HMOX2","Heme oxygenase 2",20.2285429636637,19.3745581309001,20.1974137624105,19.5125592549642,20.5128326416016,19.7405204772949,19.8183415730794,20.0898768107096,18.9534136454264,18.8175048828125,-0.481249872843425,19.7245564142863,-1.59506214412833,0.138597538880802,0.512769114332149,-4.37500966507858
"AP2A2","AP-2 complex subunit alpha-2",20.4489313761393,19.9425932566325,20.1188182830811,19.9087715148926,20.2011375427246,19.3966840108236,19.9278055826823,20.0096003214518,19.7394771575928,20.166477839152,-0.276041412353513,19.9860296885173,-1.59744916675015,0.138064116673595,0.512769114332149,-4.37262027410348
"RAB7A","Ras-related protein Rab-7a",23.4420674641927,23.3745129903158,23.7131779988607,23.4655850728353,23.7462139129639,23.2699343363444,23.4923820495605,23.6757876078288,22.9286944071452,23.0154546101888,-0.271860885620113,23.4123810450236,-1.60265018383028,0.136908088483084,0.512769114332149,-4.36740768708059
"RPL30","60S ribosomal protein L30",23.2667719523112,22.2244631449382,22.7943147023519,22.6115239461263,23.0800927480062,22.1274229685466,22.6019242604574,22.7966213226318,22.0503991444906,22.6050046284993,-0.359158833821614,22.6158538818359,-1.61150624076158,0.134959199344013,0.512769114332149,-4.35851185288637
"TUFM","Elongation factor Tu, mitochondrial",23.8652998606364,23.7933031717936,23.9694182078044,24.0051110585531,24.0765686035156,22.5791702270508,23.3691444396973,23.7898667653402,24.3573188781738,23.4377689361572,-0.435286331176759,23.7242970148722,-1.6132740587995,0.134573100642126,0.512769114332149,-4.3567330864136
"FARSB","Phenylalanine--tRNA ligase beta subunit",25.0679766337077,24.3909765879313,25.293176651001,24.7480767567952,25.601344426473,24.3873087565104,25.1223710378011,25.1974480946859,23.8703982035319,23.9686559041341,-0.511073811848962,24.7647733052572,-1.63035015805298,0.130893371362744,0.512769114332149,-4.33950030729357
"IGHG1","Ig gamma-1 chain C region",24.8866373697917,22.7878824869792,25.1268965403239,22.0742441813151,23.9057401021322,22.4262301127116,24.2705790201823,22.9710362752279,22.1673386891683,21.862325668335,-1.0167781829834,23.2478910446167,-1.63210372863285,0.130520563883707,0.512769114332149,-4.3377254684117
"NAP1L4","Nucleosome assembly protein 1-like 4",20.9571450551351,20.7991542816162,20.726645787557,20.5305906931559,21.1639671325684,20.1087207794189,21.2825628916423,21.0180670420329,19.4218997955322,19.4362354278564,-0.582003402709961,20.5444988886515,-1.63276885247579,0.130379404475584,0.512769114332149,-4.33705202742167
"NUCB1","Nucleobindin-1",21.8127746582031,20.8202482859294,21.013770421346,20.8509705861409,21.3873736063639,20.3722197214762,21.0393409729004,21.2846686045329,20.2934741973877,20.8578948974609,-0.40750783284505,20.9732735951742,-1.63564515542203,0.12977051626674,0.512769114332149,-4.33413817711199
"DARS","Aspartate--tRNA ligase, cytoplasmic",24.1681537628174,23.5915279388428,23.9684886932373,23.6990343729655,24.4485645294189,23.8327871958415,23.8117122650146,24.0579681396484,23.2069803873698,23.0078303019206,-0.391698201497396,23.7793047587077,-1.64077867931045,0.128690033089645,0.512769114332149,-4.32893128585969
"HSDL2","Hydroxysteroid dehydrogenase-like protein 2",19.6448860168457,18.7864246368408,18.6906541188558,19.1153507232666,18.6794064839681,18.3358256022135,18.998317082723,18.794127146403,18.5211423238118,18.5281931559245,-0.347823333740232,18.8094327290853,-1.65260659788049,0.126230767214982,0.512769114332149,-4.31690359610787
"HSPA4L","Heat shock 70 kDa protein 4L",20.842627843221,20.4806372324626,20.6007397969564,20.6742204030355,20.3630180358887,20.7171630859375,20.4877421061198,20.4125734965007,19.876615524292,19.9262708028158,-0.308175659179685,20.438160832723,-1.65535082033719,0.125666169958955,0.512769114332149,-4.31410695315008
"RTN3","Reticulon-3",19.9065577189128,20.9557520548503,21.5306669871012,21.081002553304,20.9427801767985,19.0733515421549,21.1176325480143,21.2605228424072,20.1350402832031,18.3669713338216,-0.892648188273113,20.4370278040568,-1.65740184843369,0.125245653380866,0.512769114332149,-4.31201526406123
"LARS","Leucine--tRNA ligase, cytoplasmic",22.3142617543538,22.125550587972,22.8162879943848,22.1477743784587,23.0271803538005,22.0902678171794,22.3604596455892,22.6158625284831,21.3465639750163,21.8393522898356,-0.435709762573244,22.2683561325073,-1.65842294064377,0.125036767215765,0.512769114332149,-4.31097345758825
"IMMT","MICOS complex subunit MIC60",24.2047061920166,23.6398283640544,23.977814356486,23.8271427154541,24.0834891001383,23.592835744222,23.9164091746012,23.9044361114502,23.5606810251872,23.4883149464925,-0.254060745239256,23.8195657730103,-1.66225124351773,0.124256354524334,0.512769114332149,-4.30706471105123
"DYNLT3","Dynein light chain Tctex-type 3",19.2025025685628,19.8872356414795,20.3940099080404,19.9064203898112,20.4469674428304,19.2680257161458,19.9922765096029,19.7985852559408,18.6435661315918,19.6736653645833,-0.492203394571939,19.7213254928589,-1.66250059760097,0.124205673076867,0.512769114332149,-4.30680996534846
"EEF1B2","Elongation factor 1-beta",23.1292495727539,22.772346496582,23.5858866373698,23.2877076466878,24.3699277242025,23.3153285980225,23.5484994252523,23.332160949707,21.1523946126302,21.7802969614665,-0.803287506103516,23.0273798624674,-1.67019307093865,0.122651159232902,0.512769114332149,-4.29894208063825
"ERP29","Endoplasmic reticulum resident protein 29",23.1142241160075,22.5183175404867,22.4258689880371,22.6955922444661,22.7459958394368,22.8349653879801,22.6493771870931,22.3747628529867,21.6008014678955,22.0837065378825,-0.39127705891927,22.5043612162272,-1.67430016746588,0.121828286037054,0.512769114332149,-4.29473416539148
"IARS2","Isoleucine--tRNA ligase, mitochondrial",19.925106048584,19.4468561808268,19.98623975118,19.8188902537028,19.8219032287598,19.3678302764893,19.2455539703369,19.4646797180176,20.0468775431315,19.3961950937907,-0.295571772257487,19.6520132064819,-1.68152339031362,0.120392989759435,0.512769114332149,-4.28732163731698
"IGHA1","Ig alpha-1 chain C region",22.796407699585,21.559637705485,23.8748594919841,20.6821365356445,22.0093873341878,21.4668242136637,20.9928461710612,21.5918248494466,22.018596013387,20.310827255249,-0.908302052815758,21.7303347269694,-1.70693286900721,0.115462973625359,0.501394008756697,-4.26112678254959
"HBB","Hemoglobin subunit beta;LVV-hemorphin-7;Spinorphin",29.2544886271159,29.0941149393717,29.2355244954427,29.2051881154378,28.7081387837728,28.6325480143229,29.9531828562419,28.2723579406738,27.9556999206543,26.6477731068929,-0.80717862447103,28.6959016799927,-1.71357566396312,0.114204231360573,0.498202862494976,-4.25424856008365
"PSMD3","26S proteasome non-ATPase regulatory subunit 3",19.9768441518148,19.2720044453939,19.4894676208496,19.7236665089925,19.4739545186361,19.7830282847087,18.8287677764893,19.0757058461507,19.3743756612142,19.173744837443,-0.340062967936199,19.4171559651693,-1.71403526850624,0.114117596975131,0.498202862494976,-4.25377221225186
"ATL1","Atlastin-1",21.3299051920573,20.7008775075277,21.5197836558024,20.903569539388,21.6131852467855,20.1873111724854,21.3045902252197,21.0930372873942,20.8398418426514,20.5166905721029,-0.42517000834147,21.0008792241414,-1.71454947207999,0.114020740549441,0.498202862494976,-4.25323920690694
"PDIA4","Protein disulfide-isomerase A4",22.1080684661865,21.5695152282715,21.7015711466471,21.5948759714762,21.4444255828857,21.675261815389,21.2626113891602,21.5925763448079,20.8226159413656,21.4331843058268,-0.326441319783527,21.5204706192017,-1.71696251356371,0.113567197825384,0.498202862494976,-4.2507369548345
"SND1","Staphylococcal nuclease domain-containing protein 1",22.491584777832,21.7073554992676,22.6031119028727,22.2695579528809,23.2613404591878,22.1637484232585,22.3419710795085,22.618470509847,21.0222021738688,20.890479405721,-0.65921579996745,22.1369822184245,-1.72259240417046,0.112515311693434,0.498202862494976,-4.24489268193882
"RDH11","Retinol dehydrogenase 11",20.8293183644613,20.3971818288167,20.6009864807129,20.4656327565511,20.6184139251709,20.4336541493734,20.3236147562663,20.5267175038656,19.4997406005859,20.4038435618083,-0.344792556762693,20.4099103927612,-1.73259657181331,0.110667676729761,0.498202862494976,-4.23448618335558
"RPL7","60S ribosomal protein L7",22.4493338267008,22.2053750356038,22.4658273061117,22.8358860015869,22.5894546508789,22.4395656585693,22.3045374552409,22.3613650004069,21.7897243499756,22.2127437591553,-0.287588119506835,22.365381304423,-1.7374336674234,0.109784139234744,0.497165316248768,-4.22944484285007
"HBD","Hemoglobin subunit delta",22.9987049102783,23.1050510406494,22.7381216684977,23.2433134714762,22.7884349822998,22.678440729777,23.8630841573079,21.9154351552327,21.6117960611979,20.5200290679932,-0.856968180338545,22.546241124471,-1.75114461839088,0.107314082259325,0.49065236648374,-4.21512102076241
"ETF1","Eukaryotic peptide chain release factor subunit 1",18.2945569356283,18.5344066619873,19.3265317281087,18.8883845011393,18.9107360839844,18.3172607421875,18.3688265482585,18.5506636301676,18.5742740631104,18.4969889322917,-0.32932039896647,18.6262629826864,-1.76879903059715,0.104207386904032,0.483420609491386,-4.19660491738025
"AIP","AH receptor-interacting protein",18.9434687296549,18.5273443857829,18.5061302185059,18.4524593353271,18.6925347646077,18.3697439829508,18.5774523417155,18.4772097269694,17.7448838551839,18.362340927124,-0.318061319986978,18.4653568267822,-1.79352107566025,0.0999935281944027,0.475469226564385,-4.17054283634261
"CAPRIN1","Caprin-1",19.2884407043457,19.0320053100586,18.9503224690755,19.0065644582113,19.1039148966471,18.9231802622477,18.9502232869466,19.1682573954264,18.4041786193848,18.2684993743896,-0.333381779988608,18.9095586776733,-1.79953467927555,0.0989921429503579,0.475082211250463,-4.16418032522041
"OPTN","Optineurin",18.9556617736816,18.6530494689941,18.6663125356038,18.9480209350586,19.0792134602865,18.3136037190755,18.947468439738,18.6504815419515,18.4867706298828,18.5079142252604,-0.279203923543294,18.7208496729533,-1.81101874465859,0.0971050726228282,0.471157775838314,-4.15200556527716
"AP1M1","AP-1 complex subunit mu-1",19.9154974619548,18.9423739115397,20.0175641377767,19.8556124369303,19.9234727223714,19.7106800079346,19.3585681915283,19.7813421885173,18.4696400960286,18.419921875,-0.582873662312827,19.4394673029582,-1.82841414359884,0.0943088995077826,0.465697578792018,-4.13350409643514
"EIF4A2","Eukaryotic initiation factor 4A-II;Eukaryotic initiation factor 4A-II, N-terminally processed",23.4470698038737,22.407299041748,22.6398588816325,23.1036637624105,23.1215750376383,22.9370282491048,22.5740299224854,22.6924470265706,22.0995597839355,22.378688176473,-0.407542673746745,22.7401219685872,-1.8288922264036,0.0942330976686842,0.465697578792018,-4.1329946134589
"RAB6B","Ras-related protein Rab-6B",19.9191042582194,20.0586045583089,19.8783995310466,19.9370943705241,19.7653827667236,18.5642490386963,19.8442064921061,19.9590358734131,19.0972671508789,19.7858715057373,-0.461591084798177,19.6809215545654,-1.83068294065877,0.0939496665459,0.465697578792018,-4.13108581510872
"FKBP2","Peptidyl-prolyl cis-trans isomerase FKBP2",21.2546393076579,20.909548441569,21.0047302246094,21.1785151163737,20.8234272003174,20.7674090067546,20.853110631307,20.8869571685791,20.624059677124,20.8527386983236,-0.237317021687826,20.9155135472616,-1.8315012878599,0.0938203989503614,0.465697578792018,-4.13021325691134
"CAMK2B","Calcium/calmodulin-dependent protein kinase type II subunit beta",22.7359689076742,22.4572734832764,22.5127201080322,22.5638116200765,22.1438891092936,22.0301297505697,21.988525390625,22.0737775166829,22.5864060719808,22.2602259318034,-0.294919713338216,22.3352727890015,-1.83364482306706,0.0934825708228354,0.465697578792018,-4.12792699125547
"FARSA","Phenylalanine--tRNA ligase alpha subunit",23.8117440541585,23.2285772959391,24.3273321787516,23.9031047821045,24.5612684885661,23.5738703409831,23.8486932118734,24.0412572224935,22.1452929178874,22.8114763895671,-0.682287343343097,23.6252616882324,-1.83795878633289,0.0928060382272324,0.465697578792018,-4.12332257298309
"HARS;HARS2","Histidine--tRNA ligase, cytoplasmic;Probable histidine--tRNA ligase, mitochondrial",20.4064985911051,19.7549069722493,20.3813591003418,19.990224202474,20.1970030466716,20.1089795430501,19.9043286641439,19.8334757486979,19.553617477417,19.8128649393717,-0.303345108032229,19.9943258285522,-1.84367363675231,0.09191669520851,0.465697578792018,-4.11721640125796
"KIF21A","Kinesin-like protein KIF21A",20.1279627482096,19.5757230122884,20.3495667775472,19.9228700002034,20.1214536031087,19.8116601308187,20.1310386657715,19.8215128580729,18.4854342142741,19.1456648508708,-0.540453084309894,19.7492886861165,-1.84993493009115,0.090951258450409,0.465697578792018,-4.11051788295706
"SLC25A13","Calcium-binding mitochondrial carrier protein Aralar2",19.7806606292725,19.6888306935628,19.6258424123128,19.6672121683757,20.0826555887858,19.4632116953532,19.5641434987386,19.9058596293132,19.2205073038737,19.0048592885335,-0.33732401529948,19.6003782908122,-1.87931735992283,0.0865435121850643,0.464988023096023,-4.07896791604555
"RAB18","Ras-related protein Rab-18",22.0534248352051,21.6433410644531,22.0070222218831,21.6346867879232,22.1814746856689,21.8189519246419,21.8389739990234,21.7112032572428,21.2546297709147,21.0882771809896,-0.361582692464194,21.7231985727946,-1.88622425667446,0.0855362460300697,0.463523946932247,-4.07152446760429
"PCBP2;PCBP3","Poly(rC)-binding protein 2;Poly(rC)-binding protein 3",21.0223058064779,20.8533891042074,21.4591280619303,21.2638982137044,21.647003809611,21.0048529307048,21.0106296539307,21.3586928049723,20.0204493204753,20.425329208374,-0.485154215494794,21.0065678914388,-1.8874492611446,0.0853587264169326,0.463523946932247,-4.07020324977041
"HNRNPR","Heterogeneous nuclear ribonucleoprotein R",18.3976014455159,18.1113077799479,17.8766498565674,18.0751361846924,18.4477144877116,17.7901986440023,17.7857538859049,17.9345715840658,18.0857162475586,17.9360809326172,-0.27521769205729,18.0440731048584,-1.90611495889142,0.0826954031897768,0.459902505458934,-4.05003298529655
"KIF1A","Kinesin-like protein KIF1A",20.5265947977702,19.763437906901,20.2910346984863,20.1794891357422,19.8417256673177,19.5828488667806,19.741823832194,20.0816516876221,19.7671146392822,19.7869249979655,-0.328383636474609,19.9562646230062,-1.90801103418654,0.0824291870412157,0.459902505458934,-4.04798008102649
"MAPRE2","Microtubule-associated protein RP/EB family member 2",21.396567662557,20.8902683258057,21.0716768900553,20.9266204833984,21.0776831309001,20.6927973429362,20.8638299306234,21.1316108703613,20.6660455067952,20.5339139302572,-0.294923782348634,20.925101407369,-1.91129726497474,0.0819696581467462,0.459902505458934,-4.04442031874605
"PRKRA","Interferon-inducible double-stranded RNA-dependent protein kinase activator A",22.3274682362874,21.3022880554199,21.7121054331462,21.920591990153,22.4110253651937,21.4306837717692,21.7201385498047,22.018258412679,21.0982437133789,20.8234888712565,-0.516533152262371,21.6764292399089,-1.91451947597622,0.0815213762486861,0.459902505458934,-4.04092779859747
"NNT","NAD(P) transhydrogenase, mitochondrial",22.9580211639404,22.3977076212565,22.4857851664225,22.5751635233561,22.5593814849854,21.8439076741536,22.3595968882243,22.1949234008789,22.5900421142578,22.3754685719808,-0.322424062093099,22.4339997609456,-1.92098190741502,0.0806291169016586,0.459902505458934,-4.03391700215802
"CCT5","T-complex protein 1 subunit epsilon",21.8017139434814,21.2212791442871,21.566125869751,21.7195625305176,21.3581523895264,21.455664952596,21.2129306793213,21.3988939921061,20.4371293385824,21.1586310068766,-0.400716781616209,21.3330083847046,-1.93640835355075,0.0785355487959363,0.458204336840094,-4.0171484349825
"ORM1","Alpha-1-acid glycoprotein 1",20.2954425811768,21.3308690388997,19.9473215738932,19.5806159973145,20.6749928792318,18.5887915293376,20.5477116902669,18.1356321970622,20.1974646250407,19.6731904347738,-0.937290318806964,19.8972032546997,-1.95771009444996,0.0757272468664287,0.450103823562336,-3.99391874679556
"SARS","Serine--tRNA ligase, cytoplasmic",20.5082346598307,20.253396987915,20.2334003448486,20.000498453776,20.7309061686198,20.489283879598,19.9923063913981,19.9041093190511,19.3784713745117,19.8949267069499,-0.413467788696287,20.1385534286499,-1.9686771328481,0.0743180035268187,0.4473191224937,-3.98192637356152
"NCLN","Nicalin",19.9726842244466,19.7917671203613,19.99143409729,19.5407651265462,20.1163813273112,19.1857630411784,19.7857710520426,19.6867065429688,19.401029586792,19.730042775472,-0.324743779500326,19.7202344894409,-1.97551247329064,0.0734520385121887,0.444922857484659,-3.97444100912069
"HNRNPA2B1","Heterogeneous nuclear ribonucleoproteins A2/B1",22.4155394236247,22.49143409729,22.2524757385254,22.7553234100342,22.2990042368571,22.3955345153809,22.1937618255615,22.1874567667643,21.8935019175212,22.113618850708,-0.285980606079101,22.2997650782267,-1.98144112466721,0.0727085481142782,0.443242495235119,-3.96794184277678
"CCT7","T-complex protein 1 subunit eta",22.2233085632324,21.9235223134359,22.2347036997477,22.2816066741943,21.7774721781413,21.9056148529053,21.3952020009359,21.9447345733643,21.4198837280273,22.0252768198649,-0.349980290730795,21.9131325403849,-1.98672893908546,0.0720513363388348,0.442069811988593,-3.96213998250953
"HSP90AA1","Heat shock protein HSP 90-alpha",26.4955374399821,26.7497431437174,26.8958676656087,27.1450513203939,26.8626702626546,26.5897776285807,26.5042997996012,26.8310311635335,26.3386586507161,26.3220094045003,-0.312618637084959,26.6734646479289,-1.98810374784734,0.0718813722366947,0.442069811988593,-3.9606307280797
"CADPS","Calcium-dependent secretion activator 1",21.8011328379313,21.3128986358643,21.8719062805176,21.3896732330322,21.5510660807292,21.4404538472493,21.4715213775635,21.2854715983073,20.8945782979329,21.1996936798096,-0.326991653442388,21.4218395868937,-1.99378979986093,0.0711823782136492,0.442069811988593,-3.95438516486172
"SLC2A13","Proton myo-inositol cotransporter",22.4312985738118,22.6008122762044,22.0478280385335,22.5336297353109,22.403003692627,19.5007298787435,21.9507681528727,21.9523830413818,22.0476849873861,22.1137949625651,-0.890242258707682,21.9581933339437,-1.99504235276535,0.0710292537847687,0.442069811988593,-3.95300861541026
"QARS","Glutamine--tRNA ligase",21.5565064748128,21.1371593475342,21.8659038543701,21.2437076568604,21.9004173278809,21.3672097524007,21.3329811096191,21.6382993062337,18.7949994405111,18.5259482065837,-1.20885136922201,20.9363132476807,-2.00117245075931,0.0702842686290116,0.442069811988593,-3.94626782620101
"MYO5A","Unconventional myosin-Va",21.1791216532389,20.5944995880127,21.2435480753581,21.0050341288249,20.7835559844971,20.6935164133708,20.4214655558268,21.0152060190837,20.6387100219727,19.9936199188232,-0.408648300170897,20.7568277359009,-2.00504136313873,0.0698178409308781,0.442069811988593,-3.94201022775132
"RPLP0;RPLP0P6","60S acidic ribosomal protein P0;60S acidic ribosomal protein P0-like",22.5798784891764,22.3357302347819,22.6776332855225,22.5012181599935,22.9893582661947,22.1429284413656,22.1685231526693,22.5739625295003,22.2843157450358,22.3784313201904,-0.30713144938151,22.463197962443,-2.00885325648798,0.0693611133683598,0.442069811988593,-3.93781293472943
"AIMP1","Aminoacyl tRNA synthase complex-interacting multifunctional protein 1;Endothelial monocyte-activating polypeptide 2",21.7420736948649,21.2599792480469,21.8402315775553,21.8882268269857,22.4519551595052,21.4882717132568,21.6973705291748,21.6548538208008,20.9457925160726,21.0762805938721,-0.463979466756183,21.6045035680135,-2.01179567252798,0.0690104724951053,0.442069811988593,-3.93457138199718
"RPL12","60S ribosomal protein L12",23.4416745503743,23.3448276519775,23.5029265085856,23.7034079233805,23.8497473398844,23.2366701761882,23.2581857045492,23.461586634318,23.3493207295736,23.1612383524577,-0.275116475423178,23.4309585571289,-2.02674747066125,0.0672541466264747,0.442069811988593,-3.91807772465127
"HSP90B1","Endoplasmin",24.6818834940592,24.4844175974528,24.0682093302409,24.4157803853353,24.1843713124593,24.1455720265706,24.2396558125814,24.0578390757243,23.8044872283936,24.0395139058431,-0.309518814086916,24.212173016866,-2.04967387096006,0.0646421286048092,0.43292017114911,-3.89271840804243
"ALDH6A1","Methylmalonate-semialdehyde dehydrogenase [acylating], mitochondrial",22.702189763387,23.0269769032796,22.7449309031169,23.1761582692464,22.6635360717773,22.7246119181315,22.4658571879069,22.6679890950521,22.5738614400228,22.4258728027344,-0.291119893391927,22.7171984354655,-2.0499319052661,0.0646132791544734,0.43292017114911,-3.89243253151922
"RPS20","40S ribosomal protein S20",22.5479583740234,22.1699670155843,22.4285163879395,22.9256833394368,23.2106583913167,22.2488835652669,22.3301938374837,22.3407739003499,22.2313003540039,22.2019373575846,-0.385938898722328,22.463587252299,-2.0507634232612,0.06452039367361,0.43292017114911,-3.89151122331307
"PURA","Transcriptional activator protein Pur-alpha",24.8776378631592,24.3941205342611,25.2281169891357,24.8457209269206,25.5405775705973,24.324520111084,24.7911911010742,25.0930970509847,23.8458099365234,23.9718577067057,-0.571939595540364,24.6912649790446,-2.05104638043216,0.0644888142576785,0.43292017114911,-3.89119768765648
"AIMP2","Aminoacyl tRNA synthase complex-interacting multifunctional protein 2",21.1172440846761,20.2514705657959,20.7062587738037,20.5378754933675,21.1602624257406,20.2227490743001,20.7063770294189,20.8142356872559,18.5966987609863,19.2886600494385,-0.828878148396811,20.3401831944784,-2.05261343984536,0.064314185062444,0.43292017114911,-3.8894610617802
"CA1","Carbonic anhydrase 1",20.872797648112,21.1378211975098,22.3275235493978,22.0778776804606,21.6685441335042,19.2815074920654,22.1757221221924,21.0886363983154,20.7194226582845,18.1528848012288,-1.33327814737956,20.9502737681071,-2.054030054555,0.0641567029800761,0.43292017114911,-3.8878908424081
"RPS6","40S ribosomal protein S6",19.8274319966634,19.0367126464844,19.7179044087728,19.7831611633301,19.6117833455404,19.6243724822998,19.0952580769857,19.2765560150146,18.5631014506022,19.1978619893392,-0.443968709309896,19.3734143575033,-2.0567010556515,0.0638607573531156,0.43292017114911,-3.88492940637451
"DNM3","Dynamin-3",19.8933111826579,19.3460222880046,19.8296744028727,19.4688256581624,19.5390580495199,19.4066530863444,19.4777234395345,19.1999975840251,19.3725261688232,19.0870952606201,-0.306579208374025,19.4620887120565,-2.05793939666471,0.06372398497206,0.43292017114911,-3.88355605226201
"RPN1","Dolichyl-diphosphooligosaccharide--protein glycosyltransferase subunit 1",22.5192667643229,22.1951700846354,22.2819588979085,22.536979675293,22.9889895121257,21.8308874766032,22.1371148427327,22.3658205668132,22.1428693135579,22.2640323638916,-0.356328074137371,22.3263089497884,-2.05878083017416,0.0636312072307423,0.43292017114911,-3.8826227496422
"SCRN1","Secernin-1",23.4577592213949,23.3124815622966,23.6515197753906,23.9063975016276,23.4404315948486,23.3754494984945,22.9428787231445,23.6298675537109,23.0100371042887,22.9945672353109,-0.363157908121744,23.3721389770508,-2.06053113042501,0.0634386226229412,0.43292017114911,-3.88068101322
"EEF1E1","Eukaryotic translation elongation factor 1 epsilon-1",22.6979916890462,21.567289352417,22.4862600962321,22.2221431732178,22.8484026590983,21.9734439849854,22.0416812896729,22.3859640757243,20.6419792175293,21.2279834747314,-0.710206985473633,22.0093139012655,-2.06442547549528,0.0630120921289599,0.43292017114911,-3.87635911315941
"G3BP2","Ras GTPase-activating protein-binding protein 2",20.7433942159017,21.0946197509766,21.093568166097,20.8590405782064,20.932830174764,20.599084854126,20.7852713267008,20.8147735595703,20.2003205617269,20.7421245574951,-0.3163756052653,20.7865027745565,-2.08559048455246,0.0607407331953346,0.43292017114911,-3.852832211716
"SLC25A12","Calcium-binding mitochondrial carrier protein Aralar1",23.2219657897949,22.7462959289551,22.9552981058757,22.8266220092773,22.8917433420817,22.3353099822998,22.6430339813232,22.7185014088949,22.701753616333,22.7813142140706,-0.292402394612634,22.7821838378906,-2.08732062321136,0.0605585081452144,0.43292017114911,-3.85090620595592
"HNRNPH2","Heterogeneous nuclear ribonucleoprotein H2",21.9665559132894,21.5601380666097,21.3301486968994,21.9053325653076,22.0108133951823,21.2996813456217,21.4543622334798,21.6965103149414,21.2283477783203,21.3493970235189,-0.348937988281249,21.5801287333171,-2.09090023296803,0.0601831231135743,0.43292017114911,-3.84692004053967
"PRKAR2A","cAMP-dependent protein kinase type II-alpha regulatory subunit",20.1233107248942,20.2746327718099,20.5661665598551,20.249828338623,20.5693963368734,19.7891902923584,19.9122759501139,20.1563580830892,18.4288177490234,20.2620468139648,-0.646929168701171,20.0332023620605,-2.10040783351624,0.0591967034632398,0.43292017114911,-3.83632412548438
"HNRNPC;HNRNPCL4;HNRNPCL1;HNRNPCL3;HNRNPCL2","Heterogeneous nuclear ribonucleoproteins C1/C2;Heterogeneous nuclear ribonucleoprotein C-like 4;Heterogeneous nuclear ribonucleoprotein C-like 1;Heterogeneous nuclear ribonucleoprotein C-like 3;Heterogeneous nuclear ribonucleoprotein C-like 2",18.5302448272705,18.7997531890869,19.0611044565837,19.3841393788656,19.3504441579183,18.9697373708089,17.9777647654216,18.7923717498779,18.1478099822998,18.7227401733398,-0.503052393595379,18.7736110051473,-2.11759602702559,0.0574520173352294,0.43292017114911,-3.8171379263291
"COX7A2L","Cytochrome c oxidase subunit 7A-related protein, mitochondrial",21.1928043365479,20.8755238850911,20.6012643178304,20.4378662109375,20.9428145090739,19.4112593332926,20.7462259928385,20.5291894276937,20.2164834340413,20.5047887166341,-0.528465270996091,20.5458220163981,-2.12107115962306,0.0571052281592474,0.43292017114911,-3.81325418044761
"NSF","Vesicle-fusing ATPase",24.7601286570231,24.3695468902588,24.6094487508138,24.4632034301758,24.5221080780029,24.3236834208171,24.3309262593587,24.3396339416504,24.2753721872966,24.1872526804606,-0.253513463338216,24.4181304295858,-2.123800076326,0.0568342931129792,0.43292017114911,-3.81020331683763
"CSDE1","Cold shock domain-containing protein E1",20.2517884572347,19.5152219136556,20.009770711263,20.0534820556641,19.8309466044108,19.521432240804,19.929838180542,19.8556029001872,18.6721979777018,18.9730059305827,-0.541826502482096,19.6613286972046,-2.12478803382718,0.0567365057381106,0.43292017114911,-3.80909857222737
"TCP1","T-complex protein 1 subunit alpha",23.3222255706787,22.446097056071,23.1835085550944,22.8927542368571,22.9557520548503,22.9591077168783,22.5664183298747,22.7908153533936,21.4617958068848,21.9762617746989,-0.609187698364257,22.6554736455282,-2.12958905777348,0.0562635649703452,0.43292017114911,-3.80372827509224
"CCT3","T-complex protein 1 subunit gamma",22.7026240030924,21.9590651194255,22.4571946461995,22.7612374623617,22.1870333353678,22.540381749471,21.9015522003174,21.9862480163574,21.4192479451497,21.8004500071208,-0.48385492960612,22.1715034484863,-2.15142969813413,0.0541587963631616,0.43292017114911,-3.77926235341238
"SEC22B","Vesicle-trafficking protein SEC22b",21.8236217498779,21.4424120585124,21.7197964986165,21.3803577423096,21.9064699808757,21.2588119506836,21.3297780354818,21.6534907023112,21.1075731913249,21.250057220459,-0.334589385986327,21.4872369130452,-2.15182684004508,0.0541212238401958,0.43292017114911,-3.77881694765951
"HYOU1","Hypoxia up-regulated protein 1",21.9659271240234,21.6674683888753,21.7255128224691,21.9619032541911,21.9069436391195,21.4843533833822,21.662099202474,21.8304557800293,21.033384958903,21.4667695363363,-0.350138473510742,21.6704818089803,-2.1715535345515,0.0522857520204075,0.43292017114911,-3.75667013786366
"CCT6A","T-complex protein 1 subunit zeta",23.5020548502604,22.707768758138,23.3508288065592,22.9757633209229,22.8834641774495,22.982297261556,22.5954990386963,23.0623512268066,21.5264517466227,21.915989557902,-0.667458216349285,22.7502468744914,-2.21044770183266,0.0488387965077085,0.43292017114911,-3.71288078800711
"TH","Tyrosine 3-monooxygenase",24.6083335876465,23.7492307027181,24.3233076731364,24.3279851277669,24.6855996449788,24.106014251709,23.9157238006592,24.3414154052734,23.1187623341878,22.9990062713623,-0.642706934611003,24.0175378799438,-2.2456483782615,0.0459069433852565,0.43292017114911,-3.67312138352314
"HNRNPA3","Heterogeneous nuclear ribonucleoprotein A3",19.8846085866292,18.6868368784587,19.2781060536702,19.980489730835,20.0776220957438,19.4804706573486,19.0059973398844,19.0473276774089,18.5639324188232,18.5990676879883,-0.642173512776693,19.260445912679,-2.26241986464387,0.0445700008047743,0.43292017114911,-3.65413907554932
"DNAJB11","DnaJ homolog subfamily B member 11",19.0525035858154,20.1915537516276,20.1968828837077,20.1897538503011,20.2125078837077,19.5339075724284,18.3625462849935,19.4711271921794,19.2425123850505,19.7891852060954,-0.688784662882489,19.6242480595907,-2.2804417692748,0.043175001636801,0.43292017114911,-3.63371584557637
"KARS","Lysine--tRNA ligase",20.8211059570312,21.0602347056071,20.6306521097819,21.2324822743734,20.7592576344808,19.2670192718506,20.3618380228678,20.3771553039551,20.5167465209961,20.9075469970703,-0.614685312906902,20.5934038798014,-2.28482079716269,0.0428424218898443,0.43292017114911,-3.62874951209798
"IARS","Isoleucine--tRNA ligase, cytoplasmic",22.8904577891032,22.6072508494059,23.2885564168294,22.9134508768717,23.4704761505127,22.4992148081462,22.9668884277344,22.9630260467529,21.574561436971,21.6776072184245,-0.697778828938801,22.6851490020752,-2.28751033771706,0.042639376948407,0.43292017114911,-3.62569853923974
"CYFIP2;CYFIP1","Cytoplasmic FMR1-interacting protein 2;Cytoplasmic FMR1-interacting protein 1",18.9306189219157,18.474173227946,18.2105566660563,18.9043451944987,18.3665186564128,17.9078547159831,18.3820069630941,17.9072437286377,18.3262411753337,18.2687670389811,-0.418819808959961,18.3678326288859,-2.29339071274732,0.0421986576916243,0.43292017114911,-3.61902606525843
"DDX5;DDX17","Probable ATP-dependent RNA helicase DDX5;Probable ATP-dependent RNA helicase DDX17",19.7531941731771,19.1948712666829,19.8355414072673,19.9552370707194,19.639778137207,19.4868850708008,18.8938096364339,19.5421123504639,18.5994466145833,19.3654670715332,-0.498180262247725,19.4266342798869,-2.29592742979414,0.0420098917773369,0.43292017114911,-3.61614686725097
"GLUL","Glutamine synthetase",22.5146776835124,22.9447587331136,22.9146626790365,23.3196264902751,22.9230861663818,21.9986114501953,22.3964525858561,21.8741709391276,22.9716663360596,22.7191378275553,-0.531354522705078,22.6576850891113,-2.30449352007122,0.0413784407532738,0.43292017114911,-3.60642087950348
"HSPA5","78 kDa glucose-regulated protein",25.4466400146484,25.3615417480469,25.357967376709,25.2836456298828,25.4550857543945,25.1213912963867,25.2760874430339,25.2982959747314,24.2656523386637,24.5957069396973,-0.469549306233725,25.1462014516195,-2.30631335804351,0.0412454718487897,0.43292017114911,-3.60435396269425
"HNRNPU","Heterogeneous nuclear ribonucleoprotein U",19.7634353637695,20.1345723470052,19.1884918212891,20.05881690979,19.3901240030924,19.6162605285645,18.2117932637533,19.1272926330566,19.011360168457,19.3916212717692,-0.635422515869139,19.3893768310547,-2.30695858713754,0.0411984261221457,0.43292017114911,-3.6036210761663
"TIMM8A","Mitochondrial import inner membrane translocase subunit Tim8 A",20.3954747517904,19.8997198740641,20.2151953379313,20.1775080362956,20.5622107187907,18.3233184814453,19.7115128835042,20.0040785471598,19.8658650716146,19.8723754882812,-0.694591649373373,19.9027259190877,-2.32935167347832,0.0395973135652364,0.43292017114911,-3.57816860859297
"PPIB","Peptidyl-prolyl cis-trans isomerase B",21.6862042744954,21.9192371368408,21.9935735066732,21.9261385599772,21.6685040791829,21.7697601318359,21.1987915039062,21.5404790242513,19.8902320861816,21.2799110412598,-0.702896753946935,21.4872831344604,-2.33666597072835,0.039087457248619,0.43292017114911,-3.56984810653953
"HNRNPA1;HNRNPA1L2","Heterogeneous nuclear ribonucleoprotein A1;Heterogeneous nuclear ribonucleoprotein A1, N-terminally processed;Heterogeneous nuclear ribonucleoprotein A1-like 2",21.1996841430664,20.8548812866211,20.697816212972,21.2793032328288,20.5547637939453,19.2170054117839,19.4091885884603,20.6034959157308,20.7261562347412,20.7555236816406,-0.775015767415366,20.529781850179,-2.35962174742001,0.0375281003061357,0.43292017114911,-3.54371402868207
"RPL18","60S ribosomal protein L18",21.1885267893473,20.552739461263,20.6382217407227,20.7996667226156,20.7578112284342,20.8267523447673,20.1252511342367,20.4997552235921,20.3081169128418,19.8838380177816,-0.45865046183268,20.5580679575602,-2.36518011535112,0.0371596644795852,0.43292017114911,-3.5373817161425
"CALR","Calreticulin",23.0088119506836,23.425313949585,23.2550710042318,23.456693649292,22.9674606323242,22.4318428039551,23.1602598826091,22.7537593841553,22.6500517527262,23.0490487416585,-0.413677724202473,23.0158313751221,-2.36690193865346,0.0370462448673489,0.43292017114911,-3.53541981919058
"HBA1","Hemoglobin subunit alpha",28.2577514648438,28.2104403177897,28.4728679656982,28.5391578674316,27.7465883890788,27.2491436004639,28.777904510498,27.094596862793,27.0068556467692,25.6872425079346,-1.08221257527669,27.7042549133301,-2.43699428623897,0.0327034121355787,0.43292017114911,-3.45544096043109
"FXR1","Fragile X mental retardation syndrome-related protein 1",21.4822686513265,20.88165918986,21.3953736623128,21.1654542287191,21.2473710378011,21.0253588358561,21.0801512400309,20.9553044637044,20.4611924489339,20.3799928029378,-0.454025395711262,21.0074126561483,-2.45755149243213,0.0315264012338485,0.43292017114911,-3.43194997156971
"PDIA3","Protein disulfide-isomerase A3",25.0016231536865,24.4957942962646,24.5352586110433,24.6057815551758,24.4241205851237,24.4272308349609,24.2702248891195,24.3866812388102,23.7507521311442,24.1481545766195,-0.41590690612793,24.4045621871948,-2.463302875819,0.0312045562488447,0.43292017114911,-3.42537566613352
"ST13P4;ST13;ST13P5","Putative protein FAM10A4;Hsc70-interacting protein;Putative protein FAM10A5",22.1813220977783,22.1145311991374,22.2245267232259,22.4332319895426,22.2979494730632,21.1022046407064,20.7829844156901,21.8690643310547,22.1773319244385,22.0823561350505,-0.647524007161456,21.9265502929687,-2.47749793907716,0.0304238510532668,0.43292017114911,-3.40914606502092
"ARSB","Arylsulfatase B",22.0046679178874,22.241584777832,22.2312107086182,22.5612227121989,22.6998278299967,19.7268733978271,21.4450047810872,21.7837034861247,21.8862368265788,22.0440743764242,-0.970524215698244,21.8624406814575,-2.50102880675801,0.029171478911346,0.43292017114911,-3.38223336252544
"MIA3","Melanoma inhibitory activity protein 3",21.6472206115723,20.9779809315999,20.687526067098,20.0359853108724,20.9539076487223,20.1159934997559,18.6374778747559,21.2073853810628,19.0239899953206,19.6692797342936,-1.12969881693522,20.2956747055054,-2.50594108010867,0.0289164616206191,0.43292017114911,-3.37661390499312
"SNRPD3","Small nuclear ribonucleoprotein Sm D3",19.7116578420003,19.6571191151937,19.7704048156738,19.7545566558838,19.5054759979248,18.3591403961182,19.2154026031494,18.0902131398519,19.8649044036865,19.1581776936849,-0.74227523803711,19.3087052663167,-2.54325700505865,0.0270491591706216,0.43292017114911,-3.33391674300582
"DDX3X;DDX3Y","ATP-dependent RNA helicase DDX3X;ATP-dependent RNA helicase DDX3Y",20.5115172068278,20.0316670735677,20.7544129689534,20.6260058085124,20.4656867980957,20.2923736572266,20.0855693817139,20.1864484151204,19.8580366770426,19.9088312784831,-0.411606089274089,20.2720549265544,-2.5518717814987,0.0266351497505621,0.43292017114911,-3.32405819106773
"CACYBP","Calcyclin-binding protein",21.7465356190999,21.1248238881429,21.7128365834554,21.8239854176839,21.7978712717692,21.3234685262044,21.0994078318278,21.5482508341471,20.952870686849,20.9701639811198,-0.462378184000651,21.4100214640299,-2.58586222224103,0.0250614456215692,0.43292017114911,-3.28515968363613
"PREPL","Prolyl endopeptidase-like",19.0389404296875,19.3276844024658,19.531489054362,19.6034196217855,19.3693243662516,18.5673370361328,18.9626019795736,19.3682518005371,18.9862982432048,18.6792367299398,-0.461426417032877,19.143458366394,-2.60703333901156,0.0241278187078534,0.43292017114911,-3.26093401516851
"CKAP4","Cytoskeleton-associated protein 4",22.9544067382812,22.4221674601237,22.7326965332031,22.9479300181071,23.111167271932,22.6567834218343,22.0024992624919,22.712433497111,20.9832585652669,21.8474648793538,-0.793185679117841,22.4370807647705,-2.61630743915027,0.023729699842542,0.43292017114911,-3.25032316481362
"RPS8","40S ribosomal protein S8",22.0333150227865,21.5944430033366,21.7590872446696,21.8199036916097,21.7780354817708,21.6146678924561,21.2451763153076,21.4450041453044,21.4693304697673,21.5134023030599,-0.3394406636556,21.6272365570068,-2.62802310983662,0.0232360077983787,0.43292017114911,-3.23692036162912
"VARS","Valine--tRNA ligase",22.4146811167399,21.9448121388753,22.4787445068359,22.2786038716634,22.4404563903809,21.8706823984782,21.824644724528,22.3695691426595,21.0165303548177,21.3428529103597,-0.62660369873047,21.9981577555339,-2.64143968987133,0.0226830670177431,0.431431934677473,-3.22157426242857
"GLUD1;GLUD2","Glutamate dehydrogenase 1, mitochondrial;Glutamate dehydrogenase 2, mitochondrial",26.4910742441813,26.4792931874593,26.2632573445638,26.6380055745443,26.3768240610758,25.9001687367757,26.3268903096517,25.955893834432,26.2709344228109,25.97283299764,-0.364346822102863,26.2675174713135,-2.6493933265755,0.0223614207775894,0.431431934677473,-3.21247826595178
"PDE10A","cAMP and cAMP-inhibited cGMP 3,5-cyclic phosphodiesterase 10A",19.7842597961426,19.0894622802734,19.3964424133301,19.4488016764323,19.6454652150472,17.7727718353271,18.6527417500814,18.9249909718831,19.4706490834554,18.855463663737,-0.737562815348305,19.104104868571,-2.69020169224623,0.0207806472297686,0.420476500329999,-3.16583087102559
"STOML2","Stomatin-like protein 2, mitochondrial",19.5275376637777,19.3280588785807,19.3083292643229,19.3566093444824,19.7085653940837,19.1433378855387,18.8761870066325,19.0826657613118,19.1471875508626,19.2018146514893,-0.355581537882489,19.2680293401082,-2.7283992765571,0.0194014091537399,0.41001644678237,-3.12221097787182
"TMED7","Transmembrane emp24 domain-containing protein 7",20.8133754730225,20.6871318817139,20.3482882181803,20.8792088826497,20.8235454559326,18.7473309834798,20.0524514516195,19.4315935770671,20.5412972768148,20.4624582926432,-0.863283665974935,20.2786681493123,-2.74434035755291,0.018853010033823,0.407482103231039,-3.10402224479834
"COPA","Coatomer subunit alpha;Xenin;Proxenin",20.5117594401042,19.8821220397949,20.335142771403,20.1561279296875,20.2577851613363,20.0463161468506,19.840789159139,19.9621658325195,19.2098382314046,19.0416100819906,-0.60844357808431,19.924365679423,-2.7550255910079,0.0184940612375042,0.407482103231039,-3.0918360874195
"SERPINA1","Alpha-1-antitrypsin;Short peptide from AAT",23.4621626536051,22.0114142100016,22.0914675394694,20.029972076416,23.0790284474691,21.0616334279378,21.8720219930013,19.3832931518555,19.6187756856283,19.6223983764648,-1.82318445841472,21.2232167561849,-2.75658656927851,0.0184421945925617,0.407482103231039,-3.09005624217461
"DNAJC6","Putative tyrosine-protein phosphatase auxilin",21.2282644907633,20.8396606445312,20.8695437113444,21.0235004425049,21.15762646993,20.6289660135905,20.7069988250732,20.7287069956462,20.6807899475098,20.688351949056,-0.336956405639649,20.855240948995,-2.7593901350054,0.0183494030050448,0.407482103231039,-3.08685984625388
"ERP44","Endoplasmic reticulum resident protein 44",21.2727336883545,20.6863651275635,20.90309715271,21.0957412719727,20.8021494547526,20.6117426554362,20.319974899292,20.7198085784912,18.5700295766195,18.9529571533203,-1.1171147664388,20.3934599558512,-2.77840792066207,0.0177320897750802,0.407482103231039,-3.06518652776488
"RARS","Arginine--tRNA ligase, cytoplasmic",22.2026208241781,21.4724597930908,21.5753777821859,21.8178793589274,22.0011647542318,21.3479086558024,21.4264227549235,21.6399389902751,21.1010754903158,20.8983281453451,-0.531165695190431,21.5483176549276,-2.82575952442552,0.0162833806849462,0.407482103231039,-3.01129988998584
"NARS","Asparagine--tRNA ligase, cytoplasmic",20.4006652832031,20.2798487345378,19.7706387837728,20.1729685465495,20.0641123453776,20.2493979136149,19.7008724212646,18.4150581359863,18.2024752298991,19.1317532857259,-0.997735341389972,19.6387790679932,-2.82799320430818,0.0162180333572352,0.407482103231039,-3.0087608937929
"PDIA6","Protein disulfide-isomerase A6",22.2171630859375,22.0447425842285,22.077480951945,22.3980210622152,22.3823210398356,21.8312225341797,21.9265797932943,22.0371793111165,21.5569909413656,21.8030846913656,-0.392934290568041,22.0274785995483,-2.85216960250006,0.0155272646214186,0.407482103231039,-2.98129841571915
"FBXO2","F-box only protein 2",23.2942225138346,23.5507926940918,23.7676397959391,23.9196319580078,24.0904401143392,22.9943180084229,23.0324535369873,23.6177762349447,23.1857624053955,23.1789436340332,-0.522694651285808,23.4631980895996,-2.86659418935984,0.0151291969043906,0.407482103231039,-2.96493009288064
"NCL","Nucleolin",20.2626196543376,20.0000038146973,20.0813064575195,20.780065536499,20.3135420481364,19.7561486562093,19.8782062530518,19.9821751912435,19.5748437245687,19.8795598347982,-0.473320770263672,20.0508471171061,-2.86914489933425,0.0150598746611722,0.407482103231039,-2.96203703713378
"RRAGA;RRAGB","Ras-related GTP-binding protein A;Ras-related GTP-binding protein B",19.2596505482992,19.0431168874105,19.5067481994629,19.1485455830892,19.3765144348145,18.8218021392822,18.9258429209391,18.7299652099609,18.7496433258057,19.1186656951904,-0.397731272379559,19.0680494944255,-2.89095540593632,0.0144799343935796,0.407482103231039,-2.93731660512432
"DDOST","Dolichyl-diphosphooligosaccharide--protein glycosyltransferase 48 kDa subunit",21.4951890309652,20.728084564209,21.191660563151,21.2315553029378,21.3308245340983,20.8403091430664,20.7181173960368,20.6684112548828,20.7546876271566,20.7896779378255,-0.441222127278644,20.9748517354329,-2.91718166899273,0.0138120897934935,0.407482103231039,-2.90763440286531
"HSP90AB1","Heat shock protein HSP 90-beta",25.384329477946,25.320671081543,25.4167753855387,25.4338582356771,25.3773695627848,25.0854371388753,24.9679622650146,25.2657731374105,24.4663365681966,24.2617034912109,-0.577158228556315,25.0980216344198,-3.00715322781416,0.0117470333058168,0.407482103231039,-2.80620621722172
"CDS2","Phosphatidate cytidylyltransferase 2",19.3340028127034,19.7352854410807,20.035239537557,19.7499542236328,20.3063882191976,19.021728515625,19.9978313446045,18.4761555989583,17.9309692382812,17.6797053019206,-1.21089604695638,19.2267260233561,-3.09824437299303,0.00997222511943929,0.407482103231039,-2.70423809809882
"PRKAR2B","cAMP-dependent protein kinase type II-beta regulatory subunit",22.1872730255127,22.0925763448079,22.3323262532552,22.2466201782227,22.111364364624,21.8289451599121,21.8810609181722,21.894489924113,21.4122219085693,20.9378471374512,-0.603119023640948,21.892472521464,-3.14911091596088,0.00910158311298347,0.407482103231039,-2.64765603016309
"ALDH1A1","Retinal dehydrogenase 1",24.8389561971029,23.3436228434245,24.2882061004639,24.7793820699056,25.2279764811198,23.7869733174642,22.2173805236816,23.7561785380046,23.6687278747559,22.6540667215983,-1.27896334330241,23.8561470667521,-3.17317259802553,0.0087169427507922,0.407482103231039,-2.62098716873245
"MARS","Methionine--tRNA ligase, cytoplasmic",21.9438896179199,21.9488061269124,22.2666912078857,22.204371770223,22.6866976420085,21.3191184997559,21.9705829620361,21.8813896179199,21.2007350921631,21.2142492930094,-0.692876180013022,21.8636531829834,-3.29766076267562,0.00697478638213781,0.407482103231039,-2.48407887220319
"FABP7","Fatty acid-binding protein, brain",20.0890642801921,18.5938212076823,19.3831011454264,19.7994111378988,19.7063878377279,18.6663703918457,18.6857458750407,19.0014972686768,18.3875389099121,17.7856534322103,-1.00899594624837,19.0098591486613,-3.41053446578595,0.0057024900272086,0.407482103231039,-2.36162869785316
"APOO","Apolipoprotein O",21.2751992543538,20.8275807698568,21.100061416626,20.9283924102783,20.9883155822754,20.9713204701742,19.8935642242432,20.1294905344645,20.5379384358724,20.0161043802897,-0.714226277669271,20.6667967478434,-3.45485024081871,0.00527018887694603,0.407482103231039,-2.31402582679194
"ATP2A2","Sarcoplasmic/endoplasmic reticulum calcium ATPase 2",22.8085924784342,22.3675651550293,22.6578388214111,22.5764719645182,22.8657023111979,22.1708997090658,22.1544488271077,22.3297602335612,22.0716069539388,22.1859092712402,-0.472709147135419,22.4188795725505,-3.58625939519357,0.0041752857000366,0.407482103231039,-2.17453891431144
"SSR4","Translocon-associated protein subunit delta",21.1589171091716,20.8165461222331,20.8869336446126,20.8589108784993,20.7798150380452,20.3466943105062,20.2868957519531,20.6871077219645,20.0928872426351,20.3579661051432,-0.545914332071936,20.6272673924764,-3.82931089023444,0.00272510721236663,0.370225279851524,-1.92360788638752
"NOMO2;NOMO1;NOMO3","Nodal modulator 2;Nodal modulator 1;Nodal modulator 3",21.2725766499837,20.7814712524414,21.3209285736084,21.2151317596436,21.0379536946615,19.2066402435303,20.6417433420817,20.7188771565755,20.029541015625,19.7545255025228,-1.05534693400065,20.5979389190674,-3.86429042779565,0.00256404566895528,0.370225279851524,-1.88829063841378
"RPN2","Dolichyl-diphosphooligosaccharide--protein glycosyltransferase subunit 2",22.2963008880615,22.2009633382161,22.5260855356852,22.3408171335856,22.4318269093831,21.8575687408447,21.9720033009847,22.0541814168294,21.7965838114421,21.7307160695394,-0.47698809305827,22.1207047144572,-3.86902949580029,0.00254299529212497,0.370225279851524,-1.88352169165595
"GBE1","1,4-alpha-glucan-branching enzyme",20.2835871378581,18.897694905599,19.4056313832601,19.2011915842692,19.3369967142741,18.6161092122396,18.2696240743001,18.9079233805339,18.3062241872152,18.0420112609863,-0.996641921997073,18.9266993840535,-3.901434950429,0.00240376772245618,0.370225279851524,-1.85101408756425
"CANX","Calnexin",23.7913754781087,23.9002507527669,23.8264605204264,23.9712397257487,23.7248700459798,23.0307903289795,23.2352879842122,23.5425605773926,23.2641989390055,23.4045365651449,-0.547364425659178,23.5691570917765,-4.18502140945857,0.00147607668191162,0.370225279851524,-1.57431562684348
